title,duration,genre,rating,description,stars,votes
Cobra Kai,30,"Action, Comedy, Drama",8.5,"Decades after their 1984 All Valley Karate Tournament bout, a middle-aged Daniel LaRusso and Johnny Lawrence find themselves martial-arts rivals again.","Ralph Macchio, William Zabka, Courtney Henggeler, Xolo Maridueña","177,031"
The Crown,58,"Biography, Drama, History",8.7,Follows the political rivalries and romance of Queen Elizabeth IIs reign and the events that shaped the second half of the twentieth century.,"Claire Foy, Olivia Colman, Imelda Staunton, Matt Smith","199,885"
Better Call Saul,46,"Crime, Drama",8.9,The trials and tribulations of criminal lawyer Jimmy McGill before his fateful run-in with Walter White and Jesse Pinkman.,"Bob Odenkirk, Rhea Seehorn, Jonathan Banks, Patrick Fabian","501,384"
Devil in Ohio,356,"Drama, Horror, Mystery",5.9,"When a psychiatrist shelters a mysterious cult escapee, her world is turned upside down as the girls arrival threatens to tear her own family apart.","Emily Deschanel, Sam Jaeger, Gerardo Celasco, Madeleine Arthur","9,773"
Cyberpunk: Edgerunners,24,"Animation, Action, Adventure",8.6,"A Street Kid trying to survive in a technology and body modification-obsessed city of the future. Having everything to lose, he chooses to stay alive by becoming an Edgerunner, a Mercenary outlaw also known as a Cyberpunk.","Zach Aguilar, Kenichiro Ohashi, Emi Lo, Aoi Yûki","15,413"
The Sandman,45,"Drama, Fantasy, Horror",7.8,"Upon escaping after decades of imprisonment by a mortal wizard, Dream, the personification of dreams, sets about to reclaim his lost equipment.","Tom Sturridge, Boyd Holbrook, Patton Oswalt, Vivienne Acheampong","116,358"
Rick and Morty,23,"Animation, Adventure, Comedy",9.2,An animated series that follows the exploits of a super scientist and his not-so-bright grandson.,"Justin Roiland, Chris Parnell, Spencer Grammer, Sarah Chalke","502,160"
Breaking Bad,49,"Crime, Drama, Thriller",9.5,A high school chemistry teacher diagnosed with inoperable lung cancer turns to manufacturing and selling methamphetamine in order to secure his familys future.,"Bryan Cranston, Aaron Paul, Anna Gunn, Betsy Brandt","1,831,340"
The Imperfects,45,"Action, Adventure, Drama",6.3,"After an experimental gene therapy turns them into monsters, three twenty-somethings band together to hunt down the scientist responsible and force him to make them human again.","Morgan Taylor Campbell, Italia Ricci, Rhianna Jagpal, Iñaki Godoy","3,123"
Blonde,166,"Biography, Drama, Mystery",6.2,A fictionalized chronicle of the inner life of Marilyn Monroe.,"Andrew Dominik, | ,     Stars:, Ana de Armas, Lucy DeVito, Garret Dillahunt, Adrien Brody",935
Stranger Things,51,"Drama, Fantasy, Horror",8.7,"When a young boy disappears, his mother, a police chief and his friends must confront terrifying supernatural forces in order to get him back.","Millie Bobby Brown, Finn Wolfhard, Winona Ryder, Caleb McLaughlin","1,149,889"
End of the Road,89,"Action, Crime, Drama",4.7,"In this high-octane action thriller, a cross-country road trip becomes a highway to hell for Brenda and her family. Alone in the New Mexico desert, they have to fight for their lives when they become the targets of a mysterious killer.","Millicent Shelton, | ,     Stars:, Queen Latifah, Ludacris, Mychala Lee, Shaun Dixon","5,122"
The Walking Dead,44,"Drama, Horror, Thriller",8.1,Sheriff Deputy Rick Grimes wakes up from a coma to learn the world is in ruins and must lead a group of survivors to stay alive.,"Andrew Lincoln, Norman Reedus, Melissa McBride, Lauren Cohan","970,060"
Glass Onion: A Knives Out Mystery,139,"Crime, Drama, Mystery",8.1,Famed Southern detective Benoit Blanc travels to Greece for his latest case.,"Rian Johnson, | ,     Stars:, Daniel Craig, Edward Norton, Kate Hudson, Dave Bautista",547
Do Revenge,118,Comedy,6.4,Drea and Eleanor agree to go after one anothers bullies.,"Jennifer Kaytin Robinson, | ,     Stars:, Camila Mendes, Maya Hawke, Austin Abrams, Rish Shah","13,457"
I Came By,110,Thriller,6.1,Follows a young graffiti artist who discovers a shocking secret that would put him and the ones closest to him in danger.,"Babak Anvari, | ,     Stars:, Antonio Aakeel, Alicia Ambrose-Bayly, Percelle Ascott, Franc Ashman","16,230"
No Limit,118,"Drama, Romance, Sport",5.8,Roxana Aubrey decides to drop her studies and escape her life in Paris for a free diving course in the south of France. She is quickly pulled into a life that reaches new depths brought by the weight of an oceans descent.,"David M. Rosenthal, | ,     Stars:, Camille Rowe, Sofiane Zermani, César Domboy, Laurent Fernandez","1,695"
1899,60,"Drama, History, Horror",9.6,Multinational immigrants traveling from the old continent to the new encounter a nightmarish riddle aboard a second ship adrift on the open sea.,"Ben Ashenden, Aneurin Barnard, Emily Beecham, Anton Lesser",853
Peaky Blinders,60,"Crime, Drama",8.8,"A gangster family epic set in 1900s England, centering on a gang who sew razor blades in the peaks of their caps, and their fierce boss Tommy Shelby.","Cillian Murphy, Paul Anderson, Sophie Rundle, Helen McCrory","531,058"
Fate: The Winx Saga,,"Action, Adventure, Drama",6.9,"A live-action adaptation of Nickelodeons Winx Club (2004). It follows Bloom as she adjusts to life in the Otherworld, where she must learn to control her dangerous magical powers.","Sadie Soverall, Abigail Cowen, Freddie Thorp, Hannah van der Westhuysen","43,179"
The Lord of the Rings: The Fellowship of the Ring,178,"Action, Adventure, Drama",8.8,A meek Hobbit from the Shire and eight companions set out on a journey to destroy the powerful One Ring and save Middle-earth from the Dark Lord Sauron.,"Peter Jackson, | ,     Stars:, Elijah Wood, Ian McKellen, Orlando Bloom, Sean Bean","1,844,055"
Greys Anatomy,41,"Drama, Romance",7.6,A drama centered on the personal and professional lives of five surgical interns and their supervisors.,"Ellen Pompeo, Chandra Wilson, James Pickens Jr., Justin Chambers","303,617"
Supernatural,44,"Drama, Fantasy, Horror",8.4,"Two brothers follow their fathers footsteps as hunters, fighting evil supernatural beings of many kinds, including monsters, demons and gods that roam the earth.","Jared Padalecki, Jensen Ackles, Jim Beaver, Misha Collins","439,597"
American Horror Story,60,"Drama, Horror, Sci-Fi",8,"An anthology series centering on different characters and locations, including a house with a murderous past, an insane asylum, a witch coven, a freak show circus, a haunted hotel, a possessed farmhouse, a cult, the apocalypse, a slasher summer camp, and a bleak beach town and desert valley.","Lady Gaga, Kathy Bates, Angela Bassett, Sarah Paulson","312,970"
The Accidental Narco,50,"Action, Biography, Crime",7.4,A civilian businessman who has no choice but to cooperate with the secret operation of the National Intelligence Service to arrest the Korean drug lord who has taken control of Suriname in South America.,"Ha Jung-woo, Hwang Jung-min, Park Hae-soo, Woo-jin Jo","2,056"
NCIS,60,"Action, Crime, Drama",7.8,"The cases of the Naval Criminal Investigative Services Washington, D.C. Major Case Response Team, led by Special Agent Leroy Jethro Gibbs.","David McCallum, Mark Harmon, Sean Murray, Pauley Perrette","145,895"
Friends,22,"Comedy, Romance",8.9,Follows the personal and professional lives of six twenty to thirty-something-year-old friends living in Manhattan.,"Jennifer Aniston, Courteney Cox, Lisa Kudrow, Matt LeBlanc","979,424"
Shameless,46,"Comedy, Drama",8.6,"A scrappy, feisty, fiercely loyal Chicago family makes no apologies.","Emmy Rossum, William H. Macy, Ethan Cutkosky, Jeremy Allen White","239,541"
Modern Family,22,"Comedy, Drama, Romance",8.5,Three different but related families face trials and tribulations in their own uniquely comedic ways.,"Ed ONeill, Sofía Vergara, Julie Bowen, Ty Burrell","423,963"
Ozark,60,"Crime, Drama, Thriller",8.5,"A financial advisor drags his family from Chicago to the Missouri Ozarks, where he must launder money to appease a drug boss.","Jason Bateman, Laura Linney, Sofia Hublitz, Skylar Gaertner","309,552"
Echoes,326,"Drama, Mystery, Thriller",5.9,"Leni and Gina are identical twins who have secretly swapped their lives since they were children, culminating in a double life as adults, but one of the sisters goes missing and everything in their perfectly schemed world turns into chaos.","Michelle Monaghan, Matt Bomer, Karen Robinson, Ali Stroker","9,380"
The Gray Man,122,"Action, Thriller",6.5,"When the CIAs most skilled operative-whose true identity is known to none-accidentally uncovers dark agency secrets, a psychopathic former colleague puts a bounty on his head, setting off a global manhunt by international assassins.","Anthony Russo, Joe Russo, | ,     Stars:, Ryan Gosling, Chris Evans, Ana de Armas, Billy Bob Thornton","172,136"
Me Time,101,Comedy,5,Follows a dad who finds time for himself for the first time in years while his wife and kids are away. He reconnects with a friend for a wild weekend.,"John Hamburg, | ,     Stars:, Kevin Hart, Mark Wahlberg, Regina Hall, Che Tafari","26,092"
Suits,44,"Comedy, Drama",8.5,"On the run from a drug deal gone bad, brilliant college dropout Mike Ross finds himself working with Harvey Specter, one of New York Citys best lawyers.","Gabriel Macht, Patrick J. Adams, Meghan Markle, Sarah Rafferty","405,863"
Vikings,44,"Action, Adventure, Drama",8.5,"Vikings transports us to the brutal and mysterious world of Ragnar Lothbrok, a Viking warrior and farmer who yearns to explore--and raid--the distant shores across the ocean.","Katheryn Winnick, Gustaf Skarsgård, Alexander Ludwig, Georgia Hirst","524,630"
The Witcher,60,"Action, Adventure, Drama",8.2,"Geralt of Rivia, a solitary monster hunter, struggles to find his place in a world where people often prove more wicked than beasts.","Henry Cavill, Freya Allan, Anya Chalotra, Mimi Ndiweni","481,837"
The Blacklist,43,"Crime, Drama, Mystery",8,"A new FBI profiler, Elizabeth Keen, has her entire life uprooted when a mysterious criminal, Raymond Reddington, who has eluded capture for decades, turns himself in and insists on speaking only to her.","James Spader, Megan Boone, Diego Klattenhoff, Ryan Eggold","245,591"
Seinfeld,22,Comedy,8.9,The continuing misadventures of neurotic New York City stand-up comedian Jerry Seinfeld and his equally neurotic New York City friends.,"Jerry Seinfeld, Julia Louis-Dreyfus, Michael Richards, Jason Alexander","314,089"
Lucifer,42,"Crime, Drama, Fantasy",8.1,Lucifer Morningstar has decided hes had enough of being the dutiful servant in Hell and decides to spend some time on Earth to better understand humanity. He settles in Los Angeles - the City of Angels.,"Tom Ellis, Lauren German, Kevin Alejandro, D.B. Woodside","318,928"
The Umbrella Academy,60,"Action, Adventure, Comedy",7.9,"A family of former child heroes, now grown apart, must reunite to continue to protect the world.","Elliot Page, Tom Hopper, David Castañeda, Emmy Raver-Lampman","243,344"
The Last Kingdom,60,"Action, Drama, History",8.5,"As Alfred the Great defends his kingdom from Norse invaders, Uhtred--born a Saxon but raised by Vikings--seeks to claim his ancestral birthright.","Alexander Dreymon, Eliza Butterworth, Arnas Fedaravicius, Mark Rowley","136,936"
Partner Track,60,Drama,6.8,"Centers on Ingrid Yun, an idealistic young lawyer, struggles with her moral compass and her passions as she fights to climb the partner track at an elite New York City law firm.","Arden Cho, Alexandra Turshen, Bradley Gibson, Dominic Sherwood","3,840"
Love in the Villa,114,"Comedy, Romance",5.3,"A young woman takes a trip to romantic Verona, Italy, after a breakup, only to find that the villa she reserved was double-booked, and shell have to share her vacation with a cynical British man.","Mark Steven Johnson, | ,     Stars:, Kat Graham, Tom Hopper, Raymond Ablack, Laura Hopper","7,048"
Black Mirror,60,"Drama, Mystery, Sci-Fi",8.8,"An anthology series exploring a twisted, high-tech multiverse where humanitys greatest innovations and darkest instincts collide.","Daniel Lapaine, Hannah John-Kamen, Michaela Coel, Beatrice Robertson-Jones","535,782"
Brooklyn Nine-Nine,22,"Comedy, Crime",8.4,"Comedy series following the exploits of Det. Jake Peralta and his diverse, lovable colleagues as they police the NYPDs 99th Precinct.","Andy Samberg, Stephanie Beatriz, Terry Crews, Melissa Fumero","309,004"
Squid Game,55,"Action, Drama, Mystery",8,"Hundreds of cash-strapped players accept a strange invitation to compete in childrens games. Inside, a tempting prize awaits with deadly high stakes. A survival game that has a whopping 45.6 billion-won prize at stake.","Lee Jung-jae, Park Hae-soo, Hoyeon, Oh Yeong-su","435,160"
Gilmore Girls,44,"Comedy, Drama",8.2,"A dramedy centering around the relationship between a thirtysomething single mother and her teen daughter living in Stars Hollow, Connecticut.","Lauren Graham, Alexis Bledel, Keiko Agena, Scott Patterson","124,087"
Outlander,60,"Drama, Fantasy, Romance",8.4,An English combat nurse from 1945 is mysteriously swept back in time to 1743.,"Caitríona Balfe, Sam Heughan, Sophie Skelton, Richard Rankin","158,268"
Ófærð,60,"Crime, Drama, Mystery",8,"In a remote town in Iceland, Police desperately try to solve a crime as a powerful storm descends upon the town.","Ólafur Darri Ólafsson, Ilmur Kristjánsdóttir, Björn Hlynur Haraldsson, Guðjón Pedersen","21,641"
Never Have I Ever,30,"Comedy, Drama",7.9,"The complicated life of a modern-day first generation Indian American teenage girl, inspired bydy Kalings own childhood.","Maitreyi Ramakrishnan, Poorna Jagannathan, Darren Barnet, John McEnroe","56,216"
Attack on Titan,24,"Animation, Action, Adventure",9,"After his hometown is destroyed and his mother is killed, young Eren Jaeger vows to cleanse the earth of the giant humanoid Titans that have brought humanity to the brink of extinction.","Josh Grelle, Yûki Kaji, Yui Ishikawa, Marina Inoue","363,297"
Manifest,43,"Drama, Mystery, Sci-Fi",7.1,"A commercial airliner suddenly reappears after being missing for five years. As those aboard reintegrate into society, they experience guiding voices and visions of events yet to occur, and soon a deeper mystery unfolds.","Melissa Roxburgh, Josh Dallas, J.R. Ramirez, Luna Blaise","59,167"
Locke & Key,48,"Drama, Fantasy, Horror",7.3,"After their father is murdered under mysterious circumstances, the three Locke siblings and their mother move into their ancestral home, Keyhouse, which they discover is full of magical keys that may be connected to their fathers death.","Darby Stanchfield, Connor Jessup, Emilia Jones, Jackson Robert Scott","84,847"
Day Shift,113,"Action, Comedy, Fantasy",6.1,"A hard-working, blue-collar dad just wants to provide a good life for his quick-witted 10-year-old daughter. His mundane San Fernando Valley pool cleaning job is a front for his real source of income: hunting and killing vampires.","J.J. Perry, | ,     Stars:, Jamie Foxx, Dave Franco, Natasha Liu Bordizzo, Meagan Good","62,931"
Dark,60,"Crime, Drama, Mystery",8.7,"A family saga with a supernatural twist, set in a German town where the disappearance of two young children exposes the relationships among four families.","Louis Hofmann, Karoline Eichhorn, Lisa Vicari, Maja Schöne","371,981"
Guillermo del Toros Pinocchio,114,"Animation, Drama, Family",,A darker version of the classic childrens fairy tale of a wooden puppet that transforms into a real living boy.,"Guillermo del Toro, Mark Gustafson, | ,     Stars:, Gregory Mann, Ewan McGregor, Ron Perlman, Finn Wolfhard",
Sex Education,45,"Comedy, Drama",8.4,A teenage boy with a sex therapist mother teams up with a high school classmate to set up an underground sex therapy clinic at school.,"Asa Butterfield, Gillian Anderson, Ncuti Gatwa, Emma Mackey","273,671"
The Lord of the Rings: The Return of the King,201,"Action, Adventure, Drama",9,Gandalf and Aragorn lead the World of Men against Saurons army to draw his gaze from Frodo and Sam as they approach Mount Doom with the One Ring.,"Peter Jackson, | ,     Stars:, Elijah Wood, Viggo Mortensen, Ian McKellen, Orlando Bloom","1,819,157"
The Vampire Diaries,43,"Drama, Fantasy, Horror",7.7,"The lives, loves, dangers and disasters in the town, Mystic Falls, Virginia. Creatures of unspeakable horror lurk beneath this town as a teenage girl is suddenly torn between two vampire brothers.","Nina Dobrev, Paul Wesley, Ian Somerhalder, Kat Graham","318,383"
Virgin River,44,"Drama, Romance",7.4,"Seeking a fresh start, nurse practitioner Melinda Monroe moves from Los Angeles to a remote Northern California town and is surprised by what and who she finds.","Martin Henderson, Tim Matheson, Alexandra Breckenridge, Colin Lawrence","41,276"
Family Guy,22,"Animation, Comedy",8.2,"In a wacky Rhode Island town, a dysfunctional family strive to cope with everyday life as they are thrown from one crazy scenario to another.","Seth MacFarlane, Alex Borstein, Seth Green, Mila Kunis","334,757"
Fargo,53,"Crime, Drama, Thriller",8.9,"Various chronicles of deception, intrigue and murder in and around frozennesota. Yet all of these tales mysteriously lead back one way or another to Fargo, North Dakota.","Billy Bob Thornton, Martin Freeman, Allison Tolman, Colin Hanks","369,918"
Animal Kingdom,60,"Crime, Drama",8.2,"Centers on a Southern California family, whose excessive lifestyle is fueled by their criminal activities.","Shawn Hatosy, Ben Robson, Jake Weary, Finn Cole","37,944"
Diario de un Gigoló,50,Drama,6.3,A gigolos life begins to unravel when he becomes involved in a clients family affairs and violates the fundamental rule of his job: dont fall in love.,"Jesús Castro, Victoria White, Fabiola Campomanes, Francisco Denis",538
How I Met Your Mother,22,"Comedy, Romance",8.3,A father recounts to his children - through a series of flashbacks - the journey he and his four best friends took leading up to him meeting their mother.,"Josh Radnor, Jason Segel, Cobie Smulders, Neil Patrick Harris","676,121"
The School for Good and Evil,147,"Action, Drama, Fantasy",,Best friends Sophie and Agatha find themselves on opposing sides of an epic battle when theyre swept away into an enchanted school where aspiring heroes and villains are trained to protect the balance between Good and Evil.,"Paul Feig, | ,     Stars:, Cate Blanchett, Charlize Theron, Michelle Yeoh, Rachel Bloom",
Heartbreak High,50,"Drama, Romance",7.6,"A fresh look at Hartley High over 20 years on. With her new friends - outsiders Quinni and Darren - Amerie must repair her reputation, while navigating love, sex, and heartbreak.","Ayesha Madon, James Majoos, Chloe Hayden, Asher Yasbincek","1,502"
Wednesday,,"Comedy, Family, Fantasy",,"Follows Wednesday Addams years as a student, when she attempts to master her emerging psychic ability, thwart and solve the mystery that embroiled her parents.","Jenna Ortega, Christina Ricci, Catherine Zeta-Jones, Luis Guzmán",
Community,22,Comedy,8.5,A suspended lawyer is forced to enroll in a community college with an eccentric staff and student body.,"Joel McHale, Danny Pudi, Donald Glover, Chevy Chase","261,138"
Daredevil,54,"Action, Crime, Drama",8.6,"A blind lawyer by day, vigilante by night. Matt Murdock fights the crime of New York as Daredevil.","Charlie Cox, Vincent DOnofrio, Deborah Ann Woll, Elden Henson","434,141"
Blue Bloods,43,"Crime, Drama, Mystery",7.7,Revolves around a family of New York cops.,"Donnie Wahlberg, Bridget Moynahan, Will Estes, Len Cariou","40,037"
Bee and PuppyCat,7,"Animation, Short, Action",8.2,"Bee, an unemployed woman is living a normal life, until a grumpy companion named PuppyCat arrives. Follow Bee and and PuppyCat as they travel between reality and Fishbowl Space.","Allyn Rachel, Alexander James Rodriguez, Kent Osborne, Ashly Burch","2,385"
Loving Adults,104,"Crime, Drama, Thriller",6.5,Follows a couple who appear to be living the perfect life after their son is declared healthy following a long-term illness.,"Barbara Topsøe-Rothenborg, | ,     Stars:, Dar Salim, Sonja Richter, Sus Wilkins, Morten Burian","5,861"
Schitts Creek,22,Comedy,8.5,"After being a victim of fraud, Johnny Rose and his family go from extremely wealthy to penniless overnight. The only asset left to them is a small, unsophisticated town: Schitts Creek. They relocate there. Culture shock ensues.","Eugene Levy, Catherine OHara, Dan Levy, Annie Murphy","118,638"
Sing 2,110,"Animation, Adventure, Comedy",7.4,Buster Moon and his friends must persuade reclusive rock star Clay Calloway to join them for the opening of a new show.,"Garth Jennings, Christophe Lourdelet, | ,     Stars:, Matthew McConaughey, Reese Witherspoon, Scarlett Johansson, Tori Kelly","65,399"
RRR,187,"Action, Drama",8,A fictitious story about two legendary revolutionaries and their journey away from home before they started fighting for their country in 1920s.,"S.S. Rajamouli, | ,     Stars:, N.T. Rama Rao Jr., Ram Charan Teja, Ajay Devgn, Alia Bhatt","107,203"
Arcane,41,"Animation, Action, Adventure",9,"Set in utopian Piltover and the oppressed underground of Zaun, the story follows the origins of two iconic League champions-and the power that will tear them apart.","Hailee Steinfeld, Kevin Alejandro, Jason Spisak, Terri Douglas","196,697"
The Lørenskog Disappearance,,"Documentary, Crime",6.1,What happened to Anne-Elisabeth Hagen? Where is she? Was she kidnapped by money launderers or is it her husband who may have made her disappear?,,668
The Lord of the Rings: The Two Towers,179,"Action, Adventure, Drama",8.8,"While Frodo and Sam edge closer to Mordor with the help of the shifty Gollum, the divided fellowship makes a stand against Saurons new ally, Saruman, and his hordes of Isengard.","Peter Jackson, | ,     Stars:, Elijah Wood, Ian McKellen, Viggo Mortensen, Orlando Bloom","1,642,708"
All Quiet on the Western Front,147,"Action, Drama, War",8.3,A young German soldiers terrifying experiences and distress on the western front during World War I.,"Edward Berger, | ,     Stars:, Daniel Brühl, Albrecht Schuch, Sebastian Hülk, Anton von Lucke",199
Mr. Harrigans Phone,104,Horror,,"When Mr. Harrigan dies, the teen who befriended and did odd jobs for him, puts his smart phone in his pocket before burial and when the lonely youth leaves his dead friend a message, he is shocked to get a return text.","John Lee Hancock, | ,     Stars:, Kirby Howell-Baptiste, Donald Sutherland, Jaeden Martell, Joe Tippett",
American Psycho,102,"Crime, Drama, Horror",7.6,"A wealthy New York City investment banking executive, Patrick Bateman, hides his alternate psychopathic ego from his co-workers and friends as he delves deeper into his violent, hedonistic fantasies.","Mary Harron, | ,     Stars:, Christian Bale, Justin Theroux, Josh Lucas, Bill Sage","598,117"
The Hobbit: An Unexpected Journey,169,"Adventure, Fantasy",7.8,"A reluctant Hobbit, Bilbo Baggins, sets out to the Lonely Mountain with a spirited group of dwarves to reclaim their mountain home, and the gold within it from the dragon Smaug.","Peter Jackson, | ,     Stars:, Martin Freeman, Ian McKellen, Richard Armitage, Andy Serkis","820,021"
Kleo,44,"Action, Crime, Drama",7.5,"After the fall of the Berlin Wall, a former spy killer is set free and embarks on a revenge spree against the people who conspired to betray her.","Jella Haase, Dimitrij Schaad, Julius Feldmeier, Vincent Redetzki","5,517"
Riverdale,45,"Crime, Drama, Mystery",6.6,"While navigating the troubled waters of romance, school and family, Archie and his gang become entangled in dark Riverdale mysteries.","Lili Reinhart, Camila Mendes, Cole Sprouse, K.J. Apa","143,861"
Sons of Anarchy,45,"Crime, Drama, Thriller",8.6,A biker struggles to balance being a father and being involved in an outlaw motorcycle club.,"Charlie Hunnam, Katey Sagal, Mark Boone Junior, Kim Coates","294,616"
Mad Men,47,Drama,8.7,"A drama about one of New Yorks most prestigious ad agencies at the beginning of the 1960s, focusing on one of the firms most mysterious but extremely talented ad executives, Donald Draper.","Jon Hamm, Elisabeth Moss, Vincent Kartheiser, January Jones","237,030"
The Flash,43,"Action, Adventure, Drama",7.6,"After being struck by lightning, Barry Allen wakes up from his coma to discover hes been given the power of super speed, becoming the Flash, and fighting crime in Central City.","Grant Gustin, Candice Patton, Danielle Panabaker, Carlos Valdes","344,187"
Archer,22,"Animation, Action, Comedy",8.6,Covert black ops and espionage take a back seat to zany personalities and relationships between secret agents and drones.,"H. Jon Benjamin, Judy Greer, Amber Nash, Chris Parnell","153,880"
Dahmer - Monster: The Jeffrey Dahmer Story,534,"Biography, Crime, Drama",8.5,Story of the Milwaukee Monster told from the perspective of the victims and police incompetency that allowed the Wisconsin native to go on a multiyear killing spree.,"Evan Peters, Richard Jenkins, Molly Ringwald, Niecy Nash","5,580"
Mr. Robot,49,"Crime, Drama, Thriller",8.6,"Elliot, a brilliant but highly unstable young cyber-security engineer and vigilante hacker, becomes a key figure in a complex game of global dominance when he and his shadowy allies try to take down the corrupt corporation he works for.","Rami Malek, Christian Slater, Carly Chaikin, Martin Wallström","383,470"
That 70s Show,22,"Comedy, Drama, Romance",8.1,"A comedy revolving around a group of teenage friends, their mishaps, and their coming of age, set in 1970s Wisconsin.","Topher Grace, Laura Prepon, Mila Kunis, Danny Masterson","169,768"
You,45,"Crime, Drama, Romance",7.7,"A dangerously charming, intensely obsessive young man goes to extreme measures to insert himself into the lives of those he is transfixed by.","Penn Badgley, Victoria Pedretti, Ambyr Childers, Elizabeth Lail","234,218"
Look Both Ways,110,"Comedy, Drama, Romance",6.3,"On the eve of her college graduation, Natalies life diverges into parallel realities: one in which she becomes pregnant and remains in her hometown to raise her child and another in which she moves to LA to pursue her dream career.","Wanuri Kahiu, | ,     Stars:, Lili Reinhart, Danny Ramirez, Aisha Dee, Jaden Tolliver","14,313"
365 Days,114,"Drama, Romance",3.3,"Massimo is a member of the Sicilian Mafia family and Laura is a sales director. She does not expect that on a trip to Sicily trying to save her relationship, Massimo will kidnap her and give her 365 days to fall in love with him.","Barbara Bialowas, Tomasz Mandes, | ,     Stars:, Anna-Maria Sieklucka, Michele Morrone, Bronislaw Wroclawski, Otar Saralidze","89,071"
I Used to Be Famous,104,"Comedy, Drama, Music",6.6,"Follows Vince, a desperate former popstar who dreams of making a comeback. An impromptu jam session with autistic young drummer Stevie sparks an unexpected friendship between the two misunderstood musicians.","Eddie Sternberg, | ,     Stars:, Ed Skrein, Eleanor Matsuura, Eoin Macken, Leo Long","2,633"
Titanic,194,"Drama, Romance",7.9,"A seventeen-year-old aristocrat falls in love with a kind but poor artist aboard the luxurious, ill-fated R.M.S. Titanic.","James Cameron, | ,     Stars:, Leonardo DiCaprio, Kate Winslet, Billy Zane, Kathy Bates","1,158,746"
Bridgerton,60,"Drama, History, Romance",7.3,"Wealth, lust, and betrayal set against the backdrop of Regency-era England, seen through the eyes of the powerful Bridgerton family.","Nicola Coughlan, Luke Thompson, Jonathan Bailey, Bessie Carter","133,119"
Sherlock,88,"Crime, Drama, Mystery",9.1,A modern update finds the famous sleuth and his doctor partner solving crime in 21st-century London.,"Benedict Cumberbatch, Martin Freeman, Una Stubbs, Rupert Graves","913,816"
Dexter,53,"Crime, Drama, Mystery",8.7,"Hes smart. Hes lovable. Hes Dexter Morgan, Americas favorite serial killer, who spends his days solving crimes and nights committing them. Golden Globe winner Michael C. Hall stars in the hit SHOWTIME Original Series.","Michael C. Hall, Jennifer Carpenter, David Zayas, James Remar","720,792"
New Girl,22,"Comedy, Romance",7.7,"After a bad break-up, Jess, an offbeat young woman, moves into an apartment loft with three single men. Although they find her behavior very unusual, the men support her - most of the time.","Zooey Deschanel, Jake Johnson, Max Greenfield, Hannah Simone","221,781"
The Expanse,60,"Drama, Mystery, Sci-Fi",8.5,"In the 24th century, a group of humans untangle a vast plot which threatens the Solar Systems fragile state of detente.","Steven Strait, Dominique Tipper, Wes Chatham, Shohreh Aghdashloo","151,611"
Purple Hearts,122,"Drama, Music, Romance",6.7,"In spite of their many differences, Cassie, a struggling singer-songwriter, and Luke, a troubled Marine, agree to marry solely for military benefits. But when tragedy strikes, the line between real and pretend begins to blur.","Elizabeth Allen Rosenbaum, | ,     Stars:, Sofia Carson, Nicholas Galitzine, Chosen Jacobs, John Harlan Kim","32,797"
The Gentlemen,113,"Action, Comedy, Crime",7.8,"An American expat tries to sell off his highly profitable marijuana empire in London, triggering plots, schemes, bribery and blackmail in an attempt to steal his domain out from under him.","Guy Ritchie, | ,     Stars:, Matthew McConaughey, Charlie Hunnam, Michelle Dockery, Jeremy Strong","331,508"
The Good Doctor,41,Drama,8.1,"Shaun Murphy, a young surgeon with autism and Savant syndrome, is recruited into the surgical unit of a prestigious hospital.","Freddie Highmore, Hill Harper, Richard Schiff, Christina Chang","92,641"
Downton Abbey,58,"Drama, Romance",8.7,A chronicle of the lives of the British aristocratic Crawley family and their servants in the early twentieth century.,"Hugh Bonneville, Phyllis Logan, Elizabeth McGovern, Brendan Coyle","204,875"
Extraordinary Attorney Woo,75,Drama,8.9,"About an autistic 27-year-old lawyer. Due to her high IQ of 164, impressive memory, and creative thought process, the brilliant Woo Young Woo graduated at the top of her class from a prestigious law school.","Park Eun-bin, Kang Tae-oh, Kang Ki-young, Jeon Bae-soo","9,538"
Smallville,60,"Action, Adventure, Drama",7.5,"A young Clark Kent struggles to find his place in the world as he learns to harness his alien powers for good and deals with the typical troubles of teenage life in Smallville, Kansas.","Tom Welling, Michael Rosenbaum, Allison Mack, Kristin Kreuk","127,295"
Star Trek: The Next Generation,44,"Action, Adventure, Sci-Fi",8.7,"Set almost 100 years after Captain Kirks 5-year mission, a new generation of Starfleet officers set off in the U.S.S. Enterprise-D on its own mission to go where no one has gone before.","Patrick Stewart, Brent Spiner, Jonathan Frakes, LeVar Burton","119,655"
BoJack Horseman,25,"Animation, Comedy, Drama",8.8,"BoJack Horseman was the star of the hit television show Horsin Around in the 80s and 90s, but now hes washed up, living in Hollywood, complaining about everything, and wearing colorful sweaters.","Will Arnett, Amy Sedaris, Alison Brie, Aaron Paul","152,649"
"Love, Death & Robots",15,"Animation, Short, Action",8.4,"A collection of animated short stories that span various genres including science fiction, fantasy, horror and comedy.","Fred Tatasciore, Scott Whyte, Nolan North, Noshir Dalal","165,153"
Money Heist,70,"Action, Crime, Drama",8.2,An unusual group of robbers attempt to carry out the most perfect robbery in Spanish history - stealing 2.4 billion euros from the Royalt of Spain.,"Úrsula Corberó, Álvaro Morte, Itziar Ituño, Pedro Alonso","469,640"
Orange Is the New Black,59,"Comedy, Crime, Drama",8.1,"Convicted of a decade old crime of transporting drug money to an ex-girlfriend, normally law-abiding Piper Chapman is sentenced to a year and a half behind bars to face the reality of how life-changing prison can really be.","Taylor Schilling, Danielle Brooks, Taryn Manning, Emma Myles","300,354"
Jurassic Park,127,"Action, Adventure, Sci-Fi",8.2,A pragmatic paleontologist touring an almost complete theme park on an island in Central America is tasked with protecting a couple of kids after a power failure causes the parks cloned dinosaurs to run loose.,"Steven Spielberg, | ,     Stars:, Sam Neill, Laura Dern, Jeff Goldblum, Richard Attenborough","978,402"
Prison Break,44,"Action, Crime, Drama",8.3,"Due to a political conspiracy, an innocent man is sent to death row and his only hope is his brother, who makes it his mission to deliberately get himself sent to the same prison in order to break the both of them out, from the inside.","Dominic Purcell, Wentworth Miller, Amaury Nolasco, Robert Knepper","529,304"
Billions,60,Drama,8.4,"New money means no mercy as Mike Prince takes the Axe Capital throne. Chuck Rhoades is convinced no one should have that much wealth - or power. As all the players seek out new alliances, only one things for certain - wealth means war.","Paul Giamatti, Damian Lewis, Maggie Siff, David Costabile","93,451"
Once Upon a Time,60,"Adventure, Fantasy, Romance",7.7,A young woman with a troubled past is drawn to a small town in Maine where fairy tales are to be believed.,"Ginnifer Goodwin, Jennifer Morrison, Lana Parrilla, Robert Carlyle","223,549"
Titans,45,"Action, Adventure, Crime",7.6,A team of young superheroes combat evil and other perils.,"Brenton Thwaites, Anna Diop, Ryan Potter, Teagan Croft","98,315"
The 100,43,"Drama, Mystery, Sci-Fi",7.6,"Set 97 years after a nuclear war destroyed civilization, when a spaceship housing humanitys lone survivors sends 100 juvenile delinquents back to Earth, hoping to repopulate the planet.","Eliza Taylor, Bob Morley, Marie Avgeropoulos, Isaiah Washington","248,827"
Jaws,124,"Adventure, Thriller",8.1,"When a killer shark unleashes chaos on a beach community off Cape Cod, its up to a local sheriff, a marine biologist, and an old seafarer to hunt the beast down.","Steven Spielberg, | ,     Stars:, Roy Scheider, Robert Shaw, Richard Dreyfuss, Lorraine Gary","600,404"
The Catholic School,106,Drama,5.8,"In late September 1975, a renowned Catholic school in Rome for sheltered, upper-middle-class boys is attacked in what became known as the Circeo Massacre. The film examines what triggered the violence.","Stefano Mordini, | ,     Stars:, Benedetta Porcaroli, Giulio Pranno, Emanuele Maria Di Stefano, Giulio Fochetti","1,536"
South Park,22,"Animation, Comedy",8.7,"Follows the misadventures of four irreverent grade-schoolers in the quiet, dysfunctional town of South Park, Colorado.","Trey Parker, Matt Stone, Isaac Hayes, Mona Marshall","366,394"
Spartacus,55,"Action, Adventure, Biography",8.5,"The life of Spartacus, the gladiator who lead a rebellion against the Romans. From his time as an ally of the Romans, to his betrayal and becoming a gladiator, to the rebellion he leads and its ultimate outcome.","Andy Whitfield, Lucy Lawless, Manu Bennett, Daniel Feuerriegel","241,105"
Clueless,97,"Comedy, Romance",6.9,"Shallow, rich and socially successful Cher is at the top of her Beverly Hills high schools pecking scale. Seeing herself as a matchmaker, Cher first coaxes two teachers into dating each other.","Amy Heckerling, | ,     Stars:, Alicia Silverstone, Stacey Dash, Brittany Murphy, Paul Rudd","216,233"
Chesapeake Shores,42,"Drama, Family",7.5,"A young woman returns to her hometown to help save her sisters failing inn, where she contends with memories and faces from her past.","Meghan Ory, Barbara Niven, Laci J Mailey, Emilie Ullerup","7,676"
Demon Slayer: Kimetsu no Yaiba,24,"Animation, Action, Adventure",8.7,"A family is attacked by demons and only two members survive - Tanjiro and his sister Nezuko, who is turning into a demon slowly. Tanjiro sets out to become a demon slayer to avenge his family and cure his sister.","Natsuki Hanae, Zach Aguilar, Abby Trott, Yoshitsugu Matsuoka","97,968"
The Queens Gambit,60,Drama,8.6,"Orphaned at the tender age of nine, prodigious introvert Beth Harmon discovers and masters the game of chess in 1960s USA. But child stardom comes at a price.","Anya Taylor-Joy, Chloe Pirrie, Bill Camp, Marcin Dorocinski","432,644"
Pretty Little Liars,44,"Drama, Mystery, Romance",7.4,"Four friends band together against an anonymous foe who threatens to reveal their darkest secrets, while also investigating the disappearance of their best friend.","Troian Bellisario, Ashley Benson, Lucy Hale, Shay Mitchell","166,548"
Mindhunter,60,"Crime, Drama, Mystery",8.6,"Set in the late 1970s, two FBI agents are tasked with interviewing serial killers to solve open cases.","Jonathan Groff, Holt McCallany, Anna Torv, Hannah Gross","281,506"
"Murder, She Wrote",50,"Crime, Drama, Mystery",7.1,"Professional writer and amateur sleuth Jessica Fletcher uses her intellect, charm, and persistence to get to the bottom of every crime she encounters.","Angela Lansbury, William Windom, Ron Masak, Louis Herthum","24,323"
From,52,"Drama, Horror, Mystery",7.6,"Unravel the mystery of a city in middle U.S.A. that imprisons everyone who enters. As the residents struggle to maintain a sense of normalcy and seek a way out, they must also survive the threats of the surrounding forest.","Scott McCord, Harold Perrineau, Catalina Sandino Moreno, Eion Bailey","18,826"
Spiderhead,106,"Action, Crime, Drama",5.4,"In the near future, convicts are offered the chance to volunteer as medical subjects to shorten their sentence. One such subject for a new drug capable of generating feelings of love begins questioning the reality of his emotions.","Joseph Kosinski, | ,     Stars:, Chris Hemsworth, Miles Teller, Jurnee Smollett, Mark Paguio","52,102"
CSI: Crime Scene Investigation,60,"Crime, Drama, Mystery",7.7,Series following an elite team of police forensic evidence investigation experts as they work their cases in Las Vegas.,"Laurence Fishburne, Marg Helgenberger, George Eads, Eric Szmanda","83,833"
Evil,42,"Crime, Drama, Horror",7.7,"A skeptical clinical psychologist joins a priest-in-training and a blue collar contractor as they investigate supposed abnormal events, including, demonic possession, and other extraordinary occurrences to see if theres a scientific explanation or if something truly supernaturals at work.","Katja Herbers, Mike Colter, Aasif Mandvi, Michael Emerson","26,248"
The Lincoln Lawyer,60,"Crime, Drama, Mystery",7.7,An iconoclastic idealist runs his law practice out of the back of his Lincoln Town Car in this series based on Michael Connellys bestselling novels.,"Manuel Garcia-Rulfo, Neve Campbell, Becki Newton, Angus Sampson","35,356"
Arrested Development,22,Comedy,8.7,"Level-headed son Michael Bluth takes over family affairs after his father is imprisoned. But the rest of his spoiled, dysfunctional family are making his job unbearable.","Jason Bateman, Michael Cera, Portia de Rossi, Will Arnett","302,834"
Heartland,45,"Drama, Family",8.4,"A multi-generational saga set in Alberta, Canada and centered on a family getting through life together in both happy and trying times.","Amber Marshall, Shaun Johnston, Michelle Morgan, Chris Potter","16,702"
Mo,30,"Comedy, Drama",7.6,"Mo Najjar who straddles the line between two cultures, three languages and a ton of bullshit. The fictional Mo is a Palestinian refugee living one step away from asylum on the path to U.S. citizenship.","Mohammed Amer, Teresa Ruiz, Omar Elba, Farah Bsieso","5,261"
Inventing Anna,65,Drama,6.8,"A journalist with a lot to prove investigates the case of Anna Delvey, the Instagram-legendary German heiress who stole the hearts of New Yorks social scene - and stole their money as well.","Anna Chlumsky, Julia Garner, Arian Moayed, Katie Lowes","65,185"
It,135,Horror,7.3,"In the summer of 1989, a group of bullied kids band together to destroy a shape-shifting monster, which disguises itself as a clown and preys on the children of Derry, their small Maine town.","Andy Muschietti, | ,     Stars:, Bill Skarsgård, Jaeden Martell, Finn Wolfhard, Sophia Lillis","537,240"
Narcos,49,"Biography, Crime, Drama",8.8,"A chronicled look at the criminal exploits of Colombian drug lord Pablo Escobar, as well as the many other drug kingpins who plagued the country through the years.","Pedro Pascal, Wagner Moura, Boyd Holbrook, Alberto Ammann","416,307"
The Sinner,45,"Crime, Drama, Mystery",7.9,Anthology series that examines how and why ordinary people commit brutal crimes.,"Bill Pullman, Jessica Hecht, Dohn Norwood, Adam LeFevre","120,241"
Homeland,55,"Crime, Drama, Mystery",8.3,A bipolar CIA operative becomes convinced a prisoner of war has been turned by al-Qaeda and is planning to carry out a terrorist attack on American soil.,"Claire Danes, Mandy Patinkin, Damian Lewis, Rupert Friend","339,482"
The Haunting of Hill House,572,"Drama, Horror, Mystery",8.6,"Flashing between past and present, a fractured family confronts haunting memories of their old home and the terrifying events that drove them from it.","Michiel Huisman, Carla Gugino, Henry Thomas, Elizabeth Reaser","237,198"
Doc Martin,46,"Comedy, Drama, Romance",8.4,"The trials and tribulations of Dr. Martin Ellingham, who moves from London to the picturesque village of Portwenn in Cornwall.","Martin Clunes, Caroline Catz, Ian McNeice, Joe Absolom","16,147"
Hawaii Five-0,42,"Action, Crime, Drama",7.4,"When Steve McGarrett returns home to Oahu to find his fathers killer, the Governor offers him the chance to run his own task force: Five-0.","Alex OLoughlin, Scott Caan, Taylor Wily, Daniel Dae Kim","73,530"
Star Trek: The Original Series,50,"Action, Adventure, Sci-Fi",8.4,"In the 23rd Century, Captain James T. Kirk and the crew of the U.S.S. Enterprise explore the galaxy and defend the United Federation of Planets.","William Shatner, Leonard Nimoy, DeForest Kelley, Nichelle Nichols","83,805"
The Next 365 Days,112,"Drama, Romance",2.7,Laura and Massimos relationship hangs in the balance as they try to overcome trust issues and jealousy while a tenacious Nacho works to push them apart.,"Barbara Bialowas, Tomasz Mandes, | ,     Stars:, Anna-Maria Sieklucka, Michele Morrone, Simone Susinna, Magdalena Lamparska","5,495"
Dont Look Up,138,"Comedy, Drama, Sci-Fi",7.2,Two low-level astronomers must go on a giant media tour to warn humankind of an approaching comet that will destroy planet Earth.,"Adam McKay, | ,     Stars:, Leonardo DiCaprio, Jennifer Lawrence, Meryl Streep, Cate Blanchett","525,424"
Murdoch Mysteries,48,"Crime, Drama, Mystery",8.2,"In the 1890s, William Murdoch uses radical forensic techniques for the time, including fingerprinting and trace evidence, to solve some of the citys most gruesome murders.","Yannick Bisson, Helene Joy, Thomas Craig, Jonny Harris","14,381"
The Good Wife,43,"Crime, Drama, Mystery",8.4,"Alicia Florrick has been a good wife to her husband, a former states attorney. After a very humiliating sex and corruption scandal, he is behind bars. She must now provide for her family and returns to work as a litigator in a law firm.","Julianna Margulies, Chris Noth, Josh Charles, Matt Czuchry","75,557"
Shadow and Bone,60,"Action, Adventure, Drama",7.6,Dark forces conspire against orphan mapmaker Alina Starkov when she unleashes an extraordinary power that could change the fate of her war-torn world.,"Jessie Mei Li, Ben Barnes, Archie Renaux, Freddy Carter","82,657"
Sex/Life,45,"Comedy, Drama, Romance",5.4,A suburban mother of two takes a fantasy-charged trip down memory lane that sets her very married present on a collision course with her wild-child past.,"Sarah Shahi, Mike Vogel, Adam Demos, Margaret Odette","21,107"
Gladiator,155,"Action, Adventure, Drama",8.5,A former Roman General sets out to exact vengeance against the corrupt emperor who murdered his family and sent him into slavery.,"Ridley Scott, | ,     Stars:, Russell Crowe, Joaquin Phoenix, Connie Nielsen, Oliver Reed","1,481,531"
The Punisher,53,"Action, Crime, Drama",8.5,"After the murder of his family, Marine veteran Frank Castle becomes the vigilante known as The Punisher, with only one goal ind: to avenge them.","Jon Bernthal, Amber Rose Revah, Ben Barnes, Jason R. Moore","231,599"
Midnight Mass,450,"Drama, Fantasy, Horror",7.7,"An isolated island community experiences miraculous events - and frightening omens - after the arrival of a charismatic, mysterious young priest.","Kate Siegel, Zach Gilford, Kristin Lehman, Samantha Sloyan","110,997"
"Roswell, New Mexico",45,"Drama, Romance, Sci-Fi",6.2,"Centers on a town where aliens with unearthly abilities live undercover among humans. But when a violent attack points to a greater alien presence, the politics of fear and hatred threaten to expose them.","Jeanine Mason, Nathan Parsons, Michael Vlamis, Lily Cowles","12,827"
Taxi Driver,114,"Crime, Drama",8.2,"A mentally unstable veteran works as a nighttime taxi driver in New York City, where the perceived decadence and sleaze fuels his urge for violent action.","Martin Scorsese, | ,     Stars:, Robert De Niro, Jodie Foster, Cybill Shepherd, Albert Brooks","819,599"
Teen Wolf,41,"Action, Drama, Fantasy",7.7,An average high school student and his best friend get caught up in some trouble causing him to receive a werewolf bite. As a result they find themselves in the middle of all sorts of dramas in Beacon Hills.,"Tyler Posey, Holland Roden, Dylan OBrien, Linden Ashby","146,991"
Vikings: Valhalla,51,"Action, Adventure, Drama",7.2,"Follow-up series to Vikings set 100 years afterward and centering on the adventures of Leif Erikson, Freydis, Harald Hardrada and the Norman King William the Conqueror.","Sam Corlett, Leo Suter, Jóhannes Haukur Jóhannesson, Lujza Richter","37,571"
New Amsterdam,43,Drama,8,A new medical director breaks the rules to heal the system at Americas oldest public hospital.,"Ryan Eggold, Janet Montgomery, Jocko Sims, Tyler Labine","37,212"
Léon: The Professional,110,"Action, Crime, Drama",8.5,"12-year-old Mathilda is reluctantly taken in by Léon, a professional assassin, after her family is murdered. An unusual relationship forms as she becomes his protégée and learns the assassins trade.","Luc Besson, | ,     Stars:, Jean Reno, Gary Oldman, Natalie Portman, Danny Aiello","1,147,345"
Arrow,42,"Action, Adventure, Crime",7.5,"Spoiled billionaire playboy Oliver Queen is missing and presumed dead when his yacht is lost at sea. He returns five years later a changed man, determined to clean up the city as a hooded vigilante armed with a bow.","Stephen Amell, Katie Cassidy, David Ramsey, Susanna Thompson","429,943"
The Good Nurse,121,"Biography, Crime, Drama",7.8,An infamous caregiver is implicated in the deaths of hundreds of hospital patients.,"Tobias Lindholm, | ,     Stars:, Jessica Chastain, Eddie Redmayne, Kim Dickens, Noah Emmerich",116
The Good Place,22,"Comedy, Drama, Fantasy",8.2,Four people and their otherworldly frienemy struggle in the afterlife to define what it means to be good.,"Kristen Bell, William Jackson Harper, Jameela Jamil, DArcy Carden","156,760"
Agents of S.H.I.E.L.D.,45,"Action, Adventure, Drama",7.5,"The missions of the Strategic Homeland Intervention, Enforcement and Logistics Division.","Clark Gregg, Ming-Na Wen, Brett Dalton, Iain De Caestecker","216,461"
Mother!,121,"Drama, Horror, Mystery",6.6,"A couples relationship is tested when uninvited guests arrive at their home, disrupting their tranquil existence.","Darren Aronofsky, | ,     Stars:, Jennifer Lawrence, Javier Bardem, Ed Harris, Michelle Pfeiffer","224,398"
Hustle,117,"Comedy, Drama, Sport",7.3,A basketball scout discovers a phenomenal street ball player while in Spain and sees the prospect as his opportunity to get back into the NBA.,"Jeremiah Zagar, | ,     Stars:, Adam Sandler, Queen Latifah, Juancho Hernangomez, Ben Foster","110,391"
Terim,,"Documentary, Biography, Sport",7,"Legendary manager Fatih Terim recounts his football journey, from his playing days to coaching and leading several teams to championship glory.","Fatih Terim, Bülent Timurlenk, Okan Buruk, Faruk Süren","4,279"
365 Days: This Day,111,"Drama, Romance",2.6,Laura and Massimo are back and stronger than ever. But Massimos family ties and a mysterious man bidding for Lauras heart complicate the lovers lives.,"Barbara Bialowas, Tomasz Mandes, | ,     Stars:, Anna-Maria Sieklucka, Michele Morrone, Simone Susinna, Magdalena Lamparska","19,357"
Cheers,22,"Comedy, Drama",7.9,The regulars of the Boston bar Cheers share their experiences and lives with each other while drinking or working at the bar where everybody knows your name.,"Ted Danson, Rhea Perlman, John Ratzenberger, George Wendt","54,765"
Line of Duty,60,"Crime, Drama, Mystery",8.7,"Drama series following the investigations of AC-12, a controversial police anti-corruption unit.","Martin Compston, Vicky McClure, Adrian Dunbar, Craig Parkinson","58,387"
Pieces of Her,52,"Crime, Drama, Mystery",6.3,"On her 30th birthday out for lunch with her mother suddenly explodes into violence, an adrift young womans conception of her mother is forever changed.","Toni Collette, Bella Heathcote, Jessica Barden, Joe Dempsie","25,208"
The Departed,151,"Crime, Drama, Thriller",8.5,An undercover cop and a mole in the police attempt to identify each other while infiltrating an Irish gang in South Boston.,"Martin Scorsese, | ,     Stars:, Leonardo DiCaprio, Matt Damon, Jack Nicholson, Mark Wahlberg","1,310,171"
Star Wars: The Clone Wars,23,"Animation, Action, Adventure",8.4,Jedi Knights lead the Grand Army of the Republic against the droid army of the Separatists.,"Tom Kane, Dee Bradley Baker, Matt Lanter, James Arnold Taylor","94,334"
Star Trek: Deep Space Nine,45,"Action, Adventure, Drama",8.1,"In the vicinity of the liberated planet of Bajor, the Federation space station Deep Space Nine guards the opening of a stable wormhole to the far side of the galaxy.","Avery Brooks, Rene Auberjonois, Cirroc Lofton, Alexander Siddig","62,898"
Spider-Man,121,"Action, Adventure, Sci-Fi",7.4,"After being bitten by a genetically-modified spider, a shy teenager gains spider-like abilities that he uses to fight injustice as a masked superhero and face a vengeful enemy.","Sam Raimi, | ,     Stars:, Tobey Maguire, Kirsten Dunst, Willem Dafoe, James Franco","809,904"
Santo,45,"Action, Crime, Drama",5,"Santo is a drug dealer whose face has never been revealed. Two policemen who go after him, Millán and Cardona, radically opposed, will have to learn to collaborate to solve the case and keep their lives safe.","Raúl Arévalo, Bruno Gagliasso, Victoria Guerra, Greta Fernández",417
Delhi Crime,50,"Crime, Drama",8.5,"Based on the Nirbhaya case, Delhi Crime follows the Delhi Police investigation into the finding of the men who perpetrated this crime.","Shefali Shah, Rajesh Tailang, Rasika Dugal, Anurag Arora","22,337"
JoJos Bizarre Adventure,30,"Animation, Action, Adventure",8.4,"The story of the Joestar family, who are possessed with intense psychic strength, and the adventures each member encounters throughout their lives.","David Vincent, Matthew Mercer, Daisuke Ono, Unshô Ishizuka","22,677"
House of Cards,51,Drama,8.7,A Congressman works with his equally conniving wife to exact revenge on the people who betrayed him.,"Kevin Spacey, Michel Gill, Robin Wright, Kate Mara","500,982"
American Crime Story,42,"Biography, Crime, Drama",8.4,An anthology series centered around Americas most notorious crimes and criminals.,"Sarah Paulson, Annaleigh Ashford, Sterling K. Brown, Kenneth Choi","95,054"
Beauty and the Beast,129,"Adventure, Family, Fantasy",7.1,"A selfish Prince is cursed to become a monster for the rest of his life, unless he learns to fall in love with a beautiful young woman he keeps prisoner.","Bill Condon, | ,     Stars:, Emma Watson, Dan Stevens, Luke Evans, Josh Gad","306,985"
Dynasty,42,Drama,7.2,Follows two of Americas wealthiest families as they feud for control over their fortune and their children.,"Elizabeth Gillies, Rafael de la Fuente, Robert Christopher Riley, Sam Adegoke","22,045"
Glee,44,"Comedy, Drama, Music",6.8,A group of ambitious misfits try to escape the harsh realities of high school by joining a glee club headed by a passionate Spanish teacher.,"Lea Michele, Jane Lynch, Matthew Morrison, Cory Monteith","147,910"
Brooklyn,117,"Drama, Romance",7.5,"An Irish immigrant lands in 1950s Brooklyn, where she quickly falls into a romance with a local. When her past catches up with her, however, she must choose between two countries and the lives that exist within.","John Crowley, | ,     Stars:, Saoirse Ronan, Emory Cohen, Domhnall Gleeson, Jim Broadbent","142,184"
The Americans,44,"Crime, Drama, Mystery",8.4,"At the height of the Cold War, two Russian agents pose as the average American couple, complete with family.","Keri Russell, Matthew Rhys, Keidrich Sellati, Holly Taylor","98,875"
Gotham,42,"Action, Crime, Drama",7.8,The story behind Detective James Gordons rise to prominence in Gotham City in the years before Batmans arrival.,"Ben McKenzie, Jada Pinkett Smith, Donal Logue, Camren Bicondova","229,301"
Gossip Girl,42,"Drama, Romance",7.5,Privileged teens living on the Upper East Side of New York can hide no secret from the ruthless blogger who is always watching.,"Blake Lively, Leighton Meester, Penn Badgley, Ed Westwick","173,318"
Gone Girl,149,"Drama, Mystery, Thriller",8.1,"With his wifes disappearance having become the focus of an intense media circus, a man sees the spotlight turned on him when its suspected that he may not be innocent.","David Fincher, | ,     Stars:, Ben Affleck, Rosamund Pike, Neil Patrick Harris, Tyler Perry","971,322"
The Tudors,60,"Drama, History, Romance",8.1,A dramatic series about the reign and marriages of King Henry VIII.,"Jonathan Rhys Meyers, Henry Cavill, Anthony Brophy, James Frain","74,863"
Twin Peaks,47,"Crime, Drama, Mystery",8.8,An idiosyncratic FBI agent investigates the murder of a young woman in the even more idiosyncratic town of Twin Peaks.,"Kyle MacLachlan, Michael Ontkean, Mädchen Amick, Dana Ashbrook","196,192"
The Poison Rose,98,"Crime, Mystery, Thriller",4.7,"Inspired by classic film noir, Carson Phillips, an ex-football star turned PI, has a soft spot for a lady in distress.","Francesco Cinquemani, George Gallo, | ,     Stars:, John Travolta, Morgan Freeman, Brendan Fraser, Famke Janssen","9,475"
Avatar: The Last Airbender,23,"Animation, Action, Adventure",9.3,"In a war-torn world of elemental magic, a young boy reawakens to undertake a dangerous mystic quest to fulfill his destiny as the Avatar, and bring peace to the world.","Dee Bradley Baker, Zach Tyler Eisen, Mae Whitman, Jack De Sena","309,241"
Hannibal,44,"Crime, Drama, Horror",8.5,Explores the early relationship between renowned psychiatrist Hannibal Lecter and a young FBI criminal profiler who is haunted by his ability to empathize with serial killers.,"Hugh Dancy, Mads Mikkelsen, Caroline Dhavernas, Laurence Fishburne","253,302"
Star Trek: Voyager,44,"Action, Adventure, Sci-Fi",7.8,"Pulled to the far side of the galaxy, where the Federation is seventy-five years away at maximum warp speed, a Starfleet ship must cooperate with Maquis rebels to find a way home.","Kate Mulgrew, Robert Beltran, Roxann Dawson, Robert Duncan McNeill","69,047"
NCIS: Los Angeles,43,"Action, Crime, Drama",6.7,"The Naval Criminal Investigation Services Office of Special Projects takes on the undercover work and the hard to crack cases in LA. Key agents are G. Callen and Sam Hanna, streets kids risen through the ranks.","Chris ODonnell, LL Cool J, Daniela Ruah, Eric Christian Olsen","53,571"
Persuasion,108,"Drama, Romance",5.7,"Eight years after Anne Elliot was persuaded not to marry a dashing man of humble origins, they meet again. Will she seize her second chance at true love?","Carrie Cracknell, | ,     Stars:, Richard E. Grant, Henry Golding, Ben Bailey Smith, Yolanda Kettle","25,625"
Good Girls,43,"Comedy, Crime, Drama",7.7,Three suburban mothers suddenly find themselves in desperate circumstances and decide to stop playing it safe and risk everything to take back their power.,"Christina Hendricks, Retta, Mae Whitman, Reno Wilson","51,835"
Dated and Related,,Reality-TV,4.3,Pairs of siblings see each others love life up close and personal as they search for the one together. Will they act as the ultimate wingman to help you find love? Or scupper your plans?,"Joey Roppo, Jason Cohen, Christopher Hahn, Corrina Roppo",379
Jogi,116,"Drama, History, Thriller",7.5,"Amid tension in 1980s India, three friends of different faiths unite in a noble yet dangerous effort to save hundreds in their town.","Ali Abbas Zafar, | ,     Stars:, Diljit Dosanjh, Kumud Mishra, Mohd. Zeeshan Ayyub, Hiten Tejwani","4,105"
How to Get Away with Murder,43,"Crime, Drama, Mystery",8.1,A group of ambitious law students and their brilliant criminal defense professor become involved in a twisted murder plot that promises to change the course of their lives.,"Viola Davis, Billy Brown, Jack Falahee, Aja Naomi King","150,319"
Uncoupled,30,"Comedy, Drama, Romance",7,"Michaels life seemed to be perfect, until his long time partner blindsided him after 17 years of being in long time relationship. He has to confront the nightmares of losing his soulmate and suddenly finding himself as a single gay man in his mid-40s.","Neil Patrick Harris, Tisha Campbell, Brooks Ashmanskas, Emerson Brooks","13,745"
Longmire,60,"Action, Crime, Drama",8.3,"Walt Longmire is the dedicated and unflappable sheriff of Absaroka County, Wyoming. Widowed only a year, he is a man in psychic repair but buries his pain behind his brave face, unassuming grin and dry wit.","Robert Taylor, Katee Sackhoff, Lou Diamond Phillips, Cassidy Freeman","35,601"
The Anthrax Attacks,94,"Documentary, Crime",6.2,"Days after 9/11, letters containing fatal anthrax spores spark panic and tragedy in the US. This documentary follows the subsequent FBI investigation.","Dan Krauss, | ,     Stars:, Clark Gregg, Regan Burns, Brigitte Kali Canales, Tongayi Chirisa",865
White Collar,40,"Comedy, Crime, Drama",8.3,"A white-collar criminal agrees to help the FBI catch other white-collar criminals using his expertise as an art and securities thief, counterfeiter, and conman.","Matt Bomer, Tim DeKay, Willie Garson, Tiffani Thiessen","131,006"
White Noise,136,"Comedy, Drama, Horror",5.9,"White Noise dramatizes a contemporary American familys attempts to deal with the mundane conflicts of everyday life while grappling with the universal mysteries of love, death, and the possibility of happiness in an uncertain world.","Noah Baumbach, | ,     Stars:, Adam Driver, Greta Gerwig, Don Cheadle, Raffey Cassidy",235
After Life,30,"Comedy, Drama",8.4,"After Tonys wife dies, his nice-guy persona is altered into an impulsive, devil-may-care attitude that takes his old world by storm.","Ricky Gervais, Tom Basden, Tony Way, Diane Morgan","133,432"
Outer Banks,50,"Action, Crime, Drama",7.6,A group of teenagers from the wrong side of the tracks stumble upon a treasure map that unearths a long-buried secret.,"Chase Stokes, Madelyn Cline, Madison Bailey, Rudy Pankow","48,115"
Luckiest Girl Alive,115,"Drama, Mystery, Thriller",,"A woman in New York, who seems to have things under control, is faced with a trauma that makes her life unravel.","Mike Barker, | ,     Stars:, Chiara Aurelia, Mila Kunis, Connie Britton, Jennifer Beals",
Derry Girls,30,Comedy,8.5,The personal exploits of a 16-year-old girl and her family and friends during the Troubles in the early 1990s.,"Saoirse-Monica Jackson, Louisa Harland, Tara Lynne ONeill, Kathy Kiera Clarke","36,522"
El Camino: A Breaking Bad Movie,122,"Action, Crime, Drama",7.3,"Fugitive Jesse Pinkman runs from his captors, the law, and his past.","Vince Gilligan, | ,     Stars:, Aaron Paul, Jonathan Banks, Matt Jones, Charles Baker","243,473"
Anatomy of a Scandal,268,"Drama, Thriller",7,A sexual consent scandal amongst British privileged elite and the women caught up in its wake.,"Sienna Miller, Rupert Friend, Michelle Dockery, Sebastian Selwood","27,590"
A Knights Tale,132,"Action, Adventure, Romance",6.9,"After his master dies, a peasant squire, fueled by his desire for food and glory, creates a new identity for himself as a knight.","Brian Helgeland, | ,     Stars:, Heath Ledger, Mark Addy, Rufus Sewell, Shannyn Sossamon","186,888"
The Munsters,109,"Comedy, Family, Fantasy",,"Reboot of The Munsters, that followed a family of monsters who moves from Transylvania to an American suburb.","Rob Zombie, | ,     Stars:, Cassandra Peterson, Richard Brake, Julie Adams, Sheri Moon Zombie",
Baywatch,116,"Action, Comedy, Crime",5.5,"Devoted lifeguard Mitch Buchannon butts heads with a brash new recruit, as they uncover a criminal plot that threatens the future of the bay.","Seth Gordon, | ,     Stars:, Dwayne Johnson, Zac Efron, Alexandra Daddario, Priyanka Chopra Jonas","185,920"
Broad Peak,101,"Adventure, Biography, Drama",5.9,"After climbing Broad Peak mountain, Maciej Berbeka learns his journey to the summit is incomplete. 25 years later, he sets out to finish what he started.","Leszek Dawid, | ,     Stars:, Ireneusz Czop, Maja Ostaszewska, Piotr Glowacki, Lukasz Simlat",671
Grimm,45,"Crime, Drama, Fantasy",7.8,A homicide detective discovers he is a descendant of hunters who fight supernatural forces.,"David Giuntoli, Russell Hornsby, Silas Weir Mitchell, Sasha Roiz","119,368"
The Sea Beast,115,"Animation, Adventure, Comedy",7.1,"When a young girl stows away on the ship of a legendary sea monster hunter, they launch an epic journey into uncharted waters - and make history to boot.","Chris Williams, | ,     Stars:, Karl Urban, Zaris-Angel Hator, Jared Harris, Marianne Jean-Baptiste","36,407"
Operationcemeat,128,"Drama, War",6.6,"During WWII, two intelligence officers use a corpse and false papers to outwit German troops.","John Madden, | ,     Stars:, Colin Firth, Matthew Macfadyen, Kelly Macdonald, Rufus Wright","22,162"
Alchemy of Souls,80,"Action, Drama, Fantasy",8.7,The fate of two people becomes twisted due to hwanhonsool (the soul of the dead return to the living).,"Jae-Wook Lee, Jung So-Min, Min-Hyun Hwang, Joon-Sang Yoo","3,769"
Chip n Dale: Rescue Rangers,97,"Animation, Adventure, Comedy",7,"Thirty years after their popular television show ended, chipmunks Chip and Dale live very different lives. When a cast member from the original series mysteriously disappears, the pair must reunite to save their friend.","Akiva Schaffer, | ,     Stars:, Andy Samberg, John Mulaney, KiKi Layne, Will Arnett","37,904"
Wedding Season,98,"Comedy, Romance",6.3,"Pressured by their parents to find spouses, Asha and Ravi pretend to date during a summer of weddings, only to find themselves falling for each other.","Tom Dey, | ,     Stars:, Pallavi Sharda, Suraj Sharma, Arianna Afsar, Sean Kleier","6,947"
Black Sails,56,"Action, Adventure, Drama",8.2,Follows Captain Flint and his pirates twenty years prior to Robert Louis Stevensons classic novel Treasure Island.,"Jessica Parker Kennedy, Toby Stephens, Hannah New, Zach McGowan","104,342"
Knock Knock,99,"Drama, Thriller",4.9,"A devoted father helps two stranded young women who knock on his door, but his kind gesture turns into a dangerous seduction and a deadly game of cat and mouse.","Eli Roth, | ,     Stars:, Keanu Reeves, Lorenza Izzo, Ana de Armas, Aaron Burns","94,594"
Elementary,60,"Crime, Drama, Mystery",7.9,"A modern take on the cases of Sherlock Holmes, with the detective now living in New York City.","Jonny Lee Miller, Lucy Liu, Aidan Quinn, Jon Michael Hill","110,920"
13 Reasons Why,60,"Drama, Mystery, Thriller",7.5,"Follows teenager Clay Jensen, in his quest to uncover the story behind his classmate and crush, Hannah, and her decision to end her life.","Dylannette, Katherine Langford, Christian Navarro, Alisha Boe","289,319"
Maid,545,Drama,8.4,"After fleeing an abusive relationship, a young mother finds a job cleaning houses as she fights to provide for her child and build them a better future.","Margaret Qualley, Nick Robinson, Rylea Nevaeh Whittet, Andie MacDowell","81,102"
The King,140,"Biography, Drama, History",7.3,"Hal, wayward prince and heir to the English throne, is crowned King Henry V after his tyrannical father dies. Now the young king must navigate palace politics, the war his father left behind, and the emotional strings of his past life.","David Michôd, | ,     Stars:, Tom Glynn-Carney, Gábor Czap, Tom Fisher, Edward Ashley","127,673"
The Adam Project,106,"Action, Adventure, Comedy",6.7,"After accidentally crash-landing in 2022, time-traveling fighter pilot Adam Reed teams up with his 12-year-old self for a mission to save the future.","Shawn Levy, | ,     Stars:, Ryan Reynolds, Walker Scobell, Mark Ruffalo, Jennifer Garner","193,255"
Top Boy,60,"Crime, Drama, Thriller",8.4,Two London drug dealers ply their lucrative trade at a public housing estate in East London.,"Ashley Walters, Kano, Micheal Ward, Jasmine Jobson","25,235"
Emily in Paris,30,"Comedy, Drama, Romance",6.9,A young American woman from the Midwest is hired by a marketing firm in Paris to provide them with an American perspective on things.,"Lily Collins, Philippine Leroy-Beaulieu, Ashley Park, Lucas Bravo","88,868"
Grease,110,"Comedy, Musical, Romance",7.2,"Good girl Sandy Olsson and greaser Danny Zuko fell in love over the summer. When they unexpectedly discover theyre now in the same high school, will they be able to rekindle their romance?","Randal Kleiser, | ,     Stars:, John Travolta, Olivia Newton-John, Stockard Channing, Jeff Conaway","275,313"
Sicario,121,"Action, Crime, Drama",7.6,An idealistic FBI agent is enlisted by a government task force to aid in the escalating war against drugs at the border area between the U.S. and Mexico.,"Denis Villeneuve, | ,     Stars:, Emily Blunt, Josh Brolin, Benicio Del Toro, Jon Bernthal","425,967"
The Devil All the Time,138,"Crime, Drama, Thriller",7.1,Sinister characters converge around a young man devoted to protecting those he loves in a postwar backwoods town teeming with corruption and brutality.,"Antonio Campos, | ,     Stars:, Bill Skarsgård, Tom Holland, Banks Repeta, Emilio Subercaseaux Campos","133,166"
Little Women,,"Action, Drama, Mystery",8.6,Three sisters with a close bond who grew up in poverty. It is the exciting story of the sisters as they get embroiled in a major incident and face off against the wealthiest family in the nation.,"Kim Go-eun, Nam Ji-Hyun, Ji-hu Park, Wi Ha-joon",469
The Fall,60,"Crime, Drama, Thriller",8.1,A seemingly cold but very passionate policewoman goes head to head with a seemingly passionate father who is in fact a cold serial killer in this procedural out of Belfast. The only thing they share is their common complexity.,"Gillian Anderson, Jamie Dornan, John Lynch, Aisling Franciosi","104,577"
Elite,60,"Crime, Drama, Thriller",7.4,"When three working-class teenagers begin attending an exclusive private school in Spain, the clash between them and the wealthy students leads to murder.","Itzan Escamilla, Omar Ayuso, Miguel Bernardeau, Arón Piper","77,113"
Legally Blonde,96,"Comedy, Romance",6.4,"Elle Woods, a fashionable sorority queen, is dumped by her boyfriend. She decides to follow him to law school. While she is there, she figures out that there is more to her than just looks.","Robert Luketic, | ,     Stars:, Reese Witherspoon, Luke Wilson, Selma Blair, Matthew Davis","216,974"
2001: A Space Odyssey,149,"Adventure, Sci-Fi",8.3,"After uncovering a mysterious artifact buried beneath the Lunar surface, a spacecraft is sent to Jupiter to find its origins - a spacecraft manned by two men and the supercomputer H.A.L. 9000.","Stanley Kubrick, | ,     Stars:, Keir Dullea, Gary Lockwood, William Sylvester, Daniel Richter","662,697"
The Little Things,128,"Crime, Drama, Mystery",6.3,"Kern County Deputy Sheriff Joe Deacon is sent to Los Angeles for what should have been a quick evidence-gathering assignment. Instead, he becomes embroiled in the search for a serial killer who is terrorizing the city.","John Lee Hancock, | ,     Stars:, Denzel Washington, Rami Malek, Jared Leto, Chris Bauer","99,050"
The Guilty,90,"Crime, Drama, Thriller",6.3,A demoted police officer assigned to a call dispatch desk is conflicted when he receives an emergency phone call from a kidnapped woman.,"Antoine Fuqua, | ,     Stars:, Jake Gyllenhaal, Riley Keough, Peter Sarsgaard, Christina Vidal","121,907"
Naruto,24,"Animation, Action, Adventure",8.4,"Naruto Uzumaki, a mischievous adolescent ninja, struggles as he searches for recognition and dreams of becoming the Hokage, the villages leader and strongest ninja.","Junko Takeuchi, Maile Flanagan, Kate Higgins, Chie Nakamura","99,442"
Broadchurch,48,"Crime, Drama, Mystery",8.4,"The murder of a young boy in a small coastal town brings a media frenzy, which threatens to tear the community apart.","David Tennant, Olivia Colman, Jodie Whittaker, Andrew Buchan","112,247"
Scorpion,43,"Action, Crime, Drama",7,An eccentric genius forms an international network of super-geniuses to act as the last line of defense against the complicated threats of the modern world.,"Elyes Gabel, Katharine McPhee, Eddie Kaye Thomas, Jadyn Wong","53,803"
Spirited Away,125,"Animation, Adventure, Family",8.6,"During her familys move to the suburbs, a sullen 10-year-old girl wanders into a world ruled by gods, witches, and spirits, and where humans are changed into beasts.","Hayao Miyazaki, | ,     Stars:, Daveigh Chase, Suzanne Pleshette, Miyu Irino, Rumi Hiiragi","751,180"
Adventure Time,11,"Animation, Action, Adventure",8.6,"A 12-year-old boy and his best friend, wise 28-year-old dog with magical powers, go on a series of surreal adventures with each other in a remote future.","John DiMaggio, Jeremy Shada, Tom Kenny, Hynden Walch","93,949"
Dead to Me,30,"Comedy, Crime, Drama",8,A series about a powerful friendship that blossoms between a tightly wound widow and a free spirit with a shocking secret.,"Christina Applegate, Linda Cardellini, Luke Roessler, Sam McCarthy","76,565"
The Nice Guys,116,"Action, Comedy, Crime",7.3,"In 1970s Los Angeles, a mismatched pair of private eyes investigate a missing girl and the mysterious death of a porn star.","Shane Black, | ,     Stars:, Russell Crowe, Ryan Gosling, Angourie Rice, Matt Bomer","324,865"
Designated Survivor,60,"Action, Drama, Mystery",7.5,A low-level Cabinet member becomes President of the United States after a catastrophic attack kills everyone above him in the line of succession.,"Kiefer Sutherland, Adan Canto, Italia Ricci, Kal Penn","90,424"
Dracula,270,"Action, Drama, Fantasy",6.8,"In 1897 Transylvania, the blood-drinking Count draws his plans against Victorian London.","Claes Bang, Dolly Wells, Morfydd Clark, John Heffernan","47,794"
Narcos: Mexico,50,"Crime, Drama",8.4,The rise of the Guadalajara Cartel as an American DEA agent learns the danger of targeting narcos in Mexico.,"Scoot McNairy, José María Yazpik, Alejandro Edda, Alfonso Dosal","83,199"
300,117,"Action, Drama",7.6,King Leonidas of Sparta and a force of 300 men fight the Persians at Thermopylae in 480 B.C.,"Zack Snyder, | ,     Stars:, Gerard Butler, Lena Headey, David Wenham, Dominic West","815,351"
Thats Amor,96,"Comedy, Romance",5.2,"After her job and relationship implode on the same day, Sofia starts from scratch and meets a dashing Spanish chef who might be her missing ingredient.","Shaun Paul Piccinino, | ,     Stars:, Riley Dandy, Isaac Gonzalez Rossi, Nancy Lenehan, Daniel Edward Mora","2,055"
Resident Evil,60,"Action, Horror, Sci-Fi",4,"Nearly three decades after the discovery of the T-virus, an outbreak reveals the Umbrella Corporations dark secrets.","Ella Balinska, Tamara Smart, Siena Agudong, Adeline Rudolph","39,033"
Ginny & Georgia,,"Comedy, Drama",7.4,"Ginny Miller, an angsty fifteen-year-old, often feels more mature than her thirty-year-old mother, the irresistible and dynamic Georgia Miller.","Brianne Howey, Antonia Gentry, Diesel La Torraca, Jennifer Robertson","48,057"
Grace and Frankie,30,Comedy,8.2,"Finding out that their husbands are not just work partners, but have also been romantically involved for the last twenty years, two women with an already strained relationship try to cope with the circumstances together.","Jane Fonda, Lily Tomlin, Sam Waterston, Martin Sheen","51,896"
The Man from Toronto,110,"Action, Adventure, Comedy",5.8,The worlds deadliest assassin and New Yorks biggest screw-up are mistaken for each other at an Airbnb rental.,"Patrick Hughes, | ,     Stars:, Kevin Hart, Woody Harrelson, Jasmine Mathews, Kaley Cuoco","43,867"
Snowpiercer,60,"Action, Drama, Sci-Fi",6.9,"Seven years after the world has become a frozen wasteland, the remnants of humanity inhabit a perpetually-moving train that circles the globe, where class warfare, social injustice and the politics of survival play out.","Daveed Diggs, Mickey Sumner, Alison Wright, Iddo Goldberg","54,342"
The Killing,45,"Crime, Drama, Mystery",8.3,"A police investigation, the saga of a grieving family, and a Seattle mayoral campaign all interlock after the body of 17-year-old Rosie Larsen is found in the trunk of a submerged car.","Mireille Enos, Joel Kinnaman, Billy Campbell, Liam James","111,425"
The Power of the Dog,126,"Drama, Romance, Western",6.8,"Charismatic rancher Phil Burbank inspires fear and awe in those around him. When his brother brings home a new wife and her son, Phil torments them until he finds himself exposed to the possibility of love.","Jane Campion, | ,     Stars:, Benedict Cumberbatch, Kirsten Dunst, Jesse Plemons, Kodi Smit-McPhee","169,764"
Baby Driver,113,"Action, Crime, Drama",7.6,"After being coerced into working for a crime boss, a young getaway driver finds himself taking part in a heist doomed to fail.","Edgar Wright, | ,     Stars:, Ansel Elgort, Jon Bernthal, Jon Hamm, Eiza González","528,768"
The Haunting of Bly Manor,494,"Drama, Horror, Mystery",7.3,"After an au pair’s tragic death, Henry hires a young American nanny to care for his orphaned niece and nephew who reside at Bly Manor with the chef Owen, groundskeeper Jamie and housekeeper, Mrs. Grose.","Victoria Pedretti, Oliver Jackson-Cohen, Amelia Eve, TNia Miller","101,853"
My Hero Academia,24,"Animation, Action, Adventure",8.4,A superhero-loving boy without any powers is determined to enroll in a prestigious hero academy and learn what it really means to be a hero.,"Daiki Yamashita, Justin Briner, Nobuhiko Okamoto, Ayane Sakura","60,041"
Arrival,116,"Drama, Mystery, Sci-Fi",7.9,A linguist works with the military to communicate with alien lifeforms after twelve mysterious spacecraft appear around the world.,"Denis Villeneuve, | ,     Stars:, Amy Adams, Jeremy Renner, Forest Whitaker, Michael Stuhlbarg","684,855"
Dead Poets Society,128,"Comedy, Drama",8.1,Maverick teacher John Keating uses poetry to embolden his boarding school students to new heights of self-expression.,"Peter Weir, | ,     Stars:, Robin Williams, Robert Sean Leonard, Ethan Hawke, Josh Charles","484,465"
The House,97,"Animation, Comedy, Drama",6.8,"Across different eras, a poor family, an anxious developer and a fed-up landlady become tied to the same mysterious house in this animated dark comedy.","Paloma Baeza, Emma De Swaef, Niki Lindroth von Bahr, Marc James Roels, | ,     Stars:, Mia Goth, Matthew Goode, Claudie Blakley, Eleanor De Swaef-Roels","15,290"
Skins,46,Drama,8.2,The story of a group of British teens who are trying to grow up and find love and happiness despite questionable parenting and teachers who would rather be friends (and lovers) than authority figures.,"Kaya Scodelario, Nicholas Hoult, Joe Dempsie, Hannah Murray","83,918"
Bardo,174,"Comedy, Drama",6.7,"Follows a renowned Mexican journalist and documentary filmmaker who returns home and works through an existential crisis as he grapples with his identity, familial relationships, the folly of his memories.","Alejandro G. Iñárritu, | ,     Stars:, Daniel Giménez Cacho, Griselda Siciliani, Ximena Lamadrid, Íker Sánchez Solano",218
Wendell & Wild,105,"Animation, Adventure, Comedy",7.5,"Two scheming demon brothers, Wendell and Wild, must face their arch-nemesis, the demon-dusting nun Sister Helly, and her two acolytes, the goth teens Kat and Raul. However, Raul cannot see them so Kat helps Wendell and Wild to help him.","Henry Selick, | ,     Stars:, Lyric Ross, Keegan-Michael Key, Jordan Peele, Angela Bassett",94
The Woman in the House,208,"Comedy, Crime, Drama",6.4,"When a handsome neighbor moves in across the street, Anna, a heartbroken woman for whom every day is the same, starts to see a light at the end of the tunnel; that is, until she witnesses a gruesome murder. Or did she?","Kristen Bell, Tom Riley, Mary Holland, Cameron Britton","44,195"
Kill Bill: Vol. 1,111,"Action, Crime, Drama",8.2,"After awakening from a four-year coma, a former assassin wreaks vengeance on the team of assassins who betrayed her.","Quentin Tarantino, | ,     Stars:, Uma Thurman, David Carradine, Daryl Hannah, Michael Madsen","1,103,348"
Behind Her Eyes,298,"Drama, Mystery, Thriller",7.2,"It follows Louise, a single mom with a son and a part-time job in a psychiatrists office. She begins an affair with her boss and strikes up an unlikely friendship with his wife.","Simona Brown, Eve Hewson, Tom Bateman, Robert Aramayo","60,901"
Bleach,24,"Animation, Action, Adventure",8.2,"High school student Ichigo Kurosaki, who has the ability to see ghosts, gains soul reaper powers from Rukia Kuchiki and sets out to save the world from Hollows.","Johnny Yong Bosch, Michelle Ruff, Stephanie Sheh, Jamieson Price","53,769"
Uncut Gems,135,"Crime, Drama, Thriller",7.4,"With his debts mounting and angry collectors closing in, a fast-talking New York City jeweler risks everything in hope of staying afloat and alive.","Benny Safdie, Josh Safdie, | ,     Stars:, Adam Sandler, Julia Fox, Idina Menzel, Mesfin Lamengo","277,507"
Annihilation,115,"Adventure, Drama, Horror",6.8,"A biologist signs up for a dangerous, secret expedition into a mysterious zone where the laws of nature dont apply.","Alex Garland, | ,     Stars:, Natalie Portman, Jennifer Jason Leigh, Tessa Thompson, Benedict Wong","323,342"
The Mummy,110,"Action, Adventure, Fantasy",5.4,"An ancient Egyptian princess is awakened from her crypt beneath the desert, bringing with her malevolence grown over millennia, and terrors that defy human comprehension.","Alex Kurtzman, | ,     Stars:, Tom Cruise, Sofia Boutella, Annabelle Wallis, Russell Crowe","189,542"
Orphan Black,44,"Drama, Sci-Fi, Thriller",8.3,A streetwise hustler is pulled into a compelling conspiracy after witnessing the suicide of a girl who looks just like her.,"Tatiana Maslany, Dylan Bruce, Jordan Gavaris, Kevin Hanchard","110,756"
Altered Carbon,60,"Action, Drama, Sci-Fi",7.9,"Set in a future where consciousness is digitized and stored, a prisoner returns to life in a new body and must solve ad-bending murder to win his freedom.","Chris Conner, Renée Elise Goldsberry, Dichen Lachman, Will Yun Lee","167,469"
Supergirl,43,"Action, Adventure, Drama",6.2,The adventures of Supermans cousin in her own superhero career.,"Melissa Benoist, Chyler Leigh, David Harewood, Katie McGrath","123,705"
Zero Dark Thirty,157,"Drama, History, Thriller",7.4,"A chronicle of the decade-long hunt for al-Qaeda terrorist leader Osama bin Laden after the September 2001 attacks, and his death at the hands of the Navy S.E.A.L.s Team 6 in May 2011.","Kathryn Bigelow, | ,     Stars:, Jessica Chastain, Joel Edgerton, Chris Pratt, Mark Strong","299,829"
The Irishman,209,"Biography, Crime, Drama",7.8,Hitman Frank Sheeran looks back at the secrets he kept as a loyal member of the Bufalino crime family.,"Martin Scorsese, | ,     Stars:, Robert De Niro, Al Pacino, Joe Pesci, Harvey Keitel","382,523"
Jurassic World: Fallen Kingdom,128,"Action, Adventure, Sci-Fi",6.1,"When the islands dormant volcano begins roaring to life, Owen and Claire mount a campaign to rescue the remaining dinosaurs from this extinction-level event.","J.A. Bayona, | ,     Stars:, Chris Pratt, Bryce Dallas Howard, Rafe Spall, Justice Smith","314,340"
Big Mouth,30,"Animation, Comedy, Romance",7.9,Teenage friends find their lives upended by the wonders and horrors of puberty.,"Nick Kroll, John Mulaney, Jessi Klein, Jason Mantzoukas","77,339"
Chilling Adventures of Sabrina,60,"Drama, Fantasy, Horror",7.4,"As her 16th birthday nears, Sabrina must choose between the witch world of her family and the human world of her friends. Based on the Archie comic.","Kiernan Shipka, Ross Lynch, Lucy Davis, Chance Perdomo","93,761"
Death Note,24,"Animation, Crime, Drama",9,An intelligent high school student goes on a secret crusade to eliminate criminals from the world after discovering a notebook capable of killing anyone whose name is written into it.,"Mamoru Miyano, Brad Swaile, Vincent Tong, Ryô Naitô","316,300"
Booksmart,102,Comedy,7.1,"On the eve of their high-school graduation, two academic superstars and best friends realize they should have worked less and played more. Determined not to fall short of their peers, the girls try to cram four years of fun into one night.","Olivia Wilde, | ,     Stars:, Kaitlyn Dever, Beanie Feldstein, Jessica Williams, Jason Sudeikis","117,900"
Heartbreak High,50,"Drama, Romance",7.8,A crash course in the turbulence of being a teen is always on the schedule for the students at Hartley High School in this 1990s series set in Sydney.,"Callan Mulvey, Lara Cox, Emma Roche, Ada Nicodemou","3,208"
Untitled Super Mario Project,,"Animation, Adventure, Comedy",,"A plumber named Mario travels through an underground labyrinth with his brother, Luigi, trying to save a captured princess. Feature film adaptation of the popular video game.","Aaron Horvath, Michael Jelenic, | ,     Stars:, Chris Pratt, Anya Taylor-Joy, Charlie Day, Jack Black",
The End of the F***ing World,25,"Adventure, Comedy, Crime",8.1,"James is 17 and is pretty sure he is a psychopath. Alyssa, also 17, is the cool and moody new girl at school. The pair make a connection and she persuades him to embark on a road trip in search of her real father.","Jessica Barden, Alex Lawther, Steve Oram, Christine Bottomley","186,272"
The Revenant,156,"Action, Adventure, Drama",8,A frontiersman on a fur trading expedition in the 1820s fights for survival after being mauled by a bear and left for dead by members of his own hunting team.,"Alejandro G. Iñárritu, | ,     Stars:, Leonardo DiCaprio, Tom Hardy, Will Poulter, Domhnall Gleeson","794,404"
Red Notice,118,"Action, Comedy, Thriller",6.3,"An Interpol agent successfully tracks down the worlds most wanted art thief, with help from a rival thief. But nothing is as it seems, as a series of double-crosses ensue.","Rawson Marshall Thurber, | ,     Stars:, Dwayne Johnson, Ryan Reynolds, Gal Gadot, Ritu Arya","270,232"
Jessica Jones,56,"Action, Crime, Drama",7.9,"Following the tragic end of her brief superhero career, Jessica Jones tries to rebuild her life as a private investigator, dealing with cases involving people with remarkable abilities in New York City.","Krysten Ritter, Rachael Taylor, Eka Darville, Carrie-Anne Moss","213,221"
Frozen,102,"Animation, Adventure, Comedy",7.4,"When the newly crowned Queen Elsa accidentally uses her power to turn things into ice to curse her home in infinite winter, her sister Anna teams up with a mountain man, his playful reindeer, and a snowman to change the weather condition.","Chris Buck, Jennifer Lee, | ,     Stars:, Kristen Bell, Idina Menzel, Jonathan Groff, Josh Gad","620,220"
Anne with an E,60,"Drama, Family",8.7,"The adventures of a young orphan girl living in the early 19th century. Follow Anne as she learns to navigate her new life on Prince Edward Island, in this new take on L.M. Montgomerys classic novels.","Amybeth McNulty, Geraldine James, R.H. Thomson, Dalila Bela","54,248"
Jane the Virgin,60,Comedy,7.9,"A young, devout Catholic woman discovers that she was accidentally artificially inseminated.","Gina Rodriguez, Andrea Navedo, Yael Grobglas, Justin Baldoni","50,019"
Incantation,110,"Horror, Mystery",6.2,"Six years ago, Li Ronan was cursed after breaking a religious taboo. Now, she must protect her daughter from the consequences of her actions.","Kevin Ko, | ,     Stars:, Hsuan-yen Tsai, Ying-Hsuan Kao, Sean Lin, Ching-Yu Wen","11,424"
Queen of the South,42,"Action, Crime, Drama",8,Teresa flees Mexico after her drug-runner boyfriend is murdered. Settling in Dallas she looks to become the countrys reigning drug smuggler and to avenge her lovers murder.,"Alice Braga, Hemky Madera, Peter Gadiot, Veronica Falcón","30,158"
Godless,452,"Action, Drama, Western",8.3,"In the 1880s American West, murderous outlaw gang leader Frank Griffin hunts for ex-protege Roy Goode. Franks chase leads him to La Belle, New Mexico--a town inhabited, after aing disaster, almost entirely by women.","Jack OConnell, Michelle Dockery, Scoot McNairy, Merritt Wever","66,821"
Fullmetal Alchemist: Brotherhood,24,"Animation, Action, Adventure",9.1,Two brothers search for a Philosophers Stone after an attempt to revive their deceased mother goes awry and leaves them in damaged physical forms.,"Kent Williams, Iemasa Kayumi, Matthew Leonhart, Vic Mignogna","164,032"
Ray Donovan,60,"Crime, Drama",8.3,"Ray Donovan, a professional fixer for the rich and famous in Los Angeles, can make anyones problems disappear except those created by his own family.","Liev Schreiber, Eddie Marsan, Dash Mihok, Pooch Hall","86,921"
Wind River,107,"Crime, Drama, Mystery",7.7,A veteran hunter helps an FBI agent investigate the murder of a young woman on a Wyoming Native American reservation.,"Taylor Sheridan, | ,     Stars:, Elizabeth Olsen, Jeremy Renner, Graham Greene, Kelsey Asbille","249,800"
Jumanji: The Next Level,123,"Action, Adventure, Comedy",6.7,"In Jumanji: The Next Level, the gang is back but the game has changed. As they return to rescue one of their own, the players will have to brave parts unknown from arid deserts to snowy mountains, to escape the worlds most dangerous game.","Jake Kasdan, | ,     Stars:, Dwayne Johnson, Jack Black, Kevin Hart, Karen Gillan","246,668"
Fakes,30,Comedy,6.3,Follow two teenagers who are best friends and accidentally build one of the largest fake ID empires in North America.,"Emilija Baranac, Jennifer Tong, Richard Harmon, Eric Bempong",594
The IT Crowd,25,Comedy,8.5,"The comedic misadventures of Roy, Moss and their grifting supervisor Jen, a rag-tag team of IT support workers at a large corporation headed by a hotheaded yuppie.","Chris ODowd, Richard Ayoade, Katherine Parkinson, Matt Berry","151,277"
DCs Legends of Tomorrow,42,"Action, Adventure, Drama",6.8,"Time-traveling rogue Rip Hunter must recruit a ragtag team of heroes and villains to help prevent an apocalypse that could impact not only Earth, but all of time.","Caity Lotz, Amy Louise Pemberton, Dominic Purcell, Nick Zano","104,446"
Heartstopper,30,"Drama, Romance",8.7,Teens Charlie and Nick discover their unlikely friendship might be something more as they navigate school and young love in this coming-of-age series.,"Joe Locke, Kit Connor, Yasmin Finney, William Gao","49,420"
Zodiac,157,"Crime, Drama, Mystery",7.7,"Between 1968 and 1983, a San Francisco cartoonist becomes an amateur detective obsessed with tracking down the Zodiac Killer, an unidentified individual who terrorizes Northern California with a killing spree.","David Fincher, | ,     Stars:, Jake Gyllenhaal, Robert Downey Jr., Mark Ruffalo, Anthony Edwards","536,068"
Iron Fist,55,"Action, Adventure, Crime",6.4,A young man is bestowed with incredible martial arts skills and a mystical force known as the Iron Fist.,"Finn Jones, Jessica Henwick, Jessica Stroup, Tom Pelphrey","130,223"
Merlí. Sapere Aude,50,"Comedy, Drama",7.7,"Pol Rubio starts to study Philosophy at the University of Barcelona while the relationship between Bruno and him begins to strengthen. Pol will meet new friends, new colleagues and new ...                See full summary »","Carlos Cuevas, María Pujalte, Pablo Capuz, Boris Ruiz","2,298"
The Affair,60,Drama,7.9,A struggling novelist and a young waitress strike up an extramarital relationship that promises to forever change the course of their lives.,"Dominic West, Ruth Wilson, Maura Tierney, Julia Goldani Telles","45,649"
Unbelievable,385,"Crime, Drama",8.4,"A teenager is charged with lying about having been raped, but two detectives follow the path to the truth.","Kaitlyn Dever, Toni Collette, Merritt Wever, Blake Ellis","100,699"
Enola Holmes,123,"Action, Adventure, Crime",6.6,"When Enola Holmes-Sherlocks teen sister-discovers her mother is missing, she sets off to find her, becoming a super-sleuth in her own right as she outwits her famous brother and unravels a dangerous conspiracy around a mysterious young Lord.","Harry Bradbeer, | ,     Stars:, Millie Bobby Brown, Henry Cavill, Sam Claflin, Helena Bonham Carter","169,720"
Pirates of the Caribbean: Dead Men Tell No Tales,129,"Action, Adventure, Fantasy",6.5,Captain Jack Sparrow is pursued by old rival Captain Salazar and a crew of deadly ghosts who have escaped from the Devils Triangle. Theyre determined to kill every pirate at sea...notably Jack.,"Joachim Rønning, Espen Sandberg, | ,     Stars:, Johnny Depp, Geoffrey Rush, Javier Bardem, Orlando Bloom","309,009"
Bates Motel,45,"Drama, Horror, Mystery",8.1,"A contemporary prequel to Psycho, giving a portrayal of how Norman Bates psyche unravels through his teenage years, and how deeply intricate his relationship with his mother, Norma, truly is.","Vera Farmiga, Freddie Highmore, Max Thieriot, Nicola Peltz Beckham","107,362"
Jujutsu Kaisen,24,"Animation, Action, Adventure",8.6,A boy swallows a cursed talisman - the finger of a demon - and becomes cursed himself. He enters a shamans school to be able to locate the demons other body parts and thus exorcise himself.,"Junya Enoki, Adam McArthur, Yûichi Nakamura, Yuma Uchida","56,920"
Star Trek: Enterprise,60,"Action, Adventure, Drama",7.5,"A century before Captain Kirks five-year mission, Jonathan Archer captains the United Earth ship Enterprise during the early years of Starfleet, leading up to the Earth-Romulan War and the formation of the Federation.","Scott Bakula, John Billingsley, Jolene Blalock, Dominic Keating","53,374"
Run,90,"Mystery, Thriller",6.7,A homeschooled teenager begins to suspect her mother is keeping a dark secret from her.,"Aneesh Chaganty, | ,     Stars:, Sarah Paulson, Kiera Allen, Sara Sohn, Pat Healy","77,264"
The Green Knight,130,"Adventure, Drama, Fantasy",6.6,A fantasy retelling of the medieval story of Sir Gawain and the Green Knight.,"David Lowery, | ,     Stars:, Dev Patel, Alicia Vikander, Joel Edgerton, Sarita Choudhury","98,337"
All of Us Are Dead,60,"Action, Drama, Fantasy",7.5,A high school becomes ground zero for a zombie virus outbreak. Trapped students must fight their way out or turn into one of the rabid infected.,"Ji-hu Park, Chan-Young Yoon, Yi-Hyun Cho, Park Solomon","47,580"
Jumanji: Welcome to the Jungle,119,"Action, Adventure, Comedy",6.9,"Four teenagers are sucked into a magical video game, and the only way they can escape is to work together to finish the game.","Jake Kasdan, | ,     Stars:, Dwayne Johnson, Karen Gillan, Kevin Hart, Jack Black","375,650"
"El Rey, Vicente Fernández",52,"Biography, Drama, Music",6.4,Follows the life of Mexican music icon Vicente Fernandez.,"Enoc Leaño, Marissa Saavedra, Ruben Zamora, Camila Rojas",127
Bodyguard,60,"Crime, Drama, Thriller",8.1,A contemporary thriller featuring the Royalty and Specialist Protection Branch of Londons Metropolitan Police Service.,"Richard Madden, Sophie Rundle, Vincent Franklin, Ash Tandon","121,426"
Luther,60,"Crime, Drama, Mystery",8.4,DCI John Luther is a near-genius murder detective whose brilliantd cant always save him from the dangerous violence of his passions.,"Idris Elba, Dermot Crowley, Michael Smiley, Warren Brown","136,105"
That 90s Show,30,"Comedy, Drama, Romance",,"Now its 1995, Leia Forman is visiting her grandparents for the summer where she bonds with a new generation of Point Place, WI, kids under the watchful eye of Kitty and the stern glare of Red.","Kurtwood Smith, Debra Jo Rupp, Callie Haverda, Mace Coronel",
Fauda,60,"Action, Drama, Thriller",8.2,The human stories on both sides of the Israel-Palestine conflict.,"Lior Raz, Itzik Cohen, Neta Garty, Rona-Lee Shimon","26,699"
Hubie Halloween,103,"Comedy, Mystery",5.2,"Despite his devotion to his hometown of Salem (and its Halloween celebration), Hubie Dubois is a figure of mockery for kids and adults alike. But this year, something is going bump in the night, and its up to Hubie to save Halloween.","Steven Brill, | ,     Stars:, Adam Sandler, Kevin James, Julie Bowen, Ray Liotta","49,569"
The Watcher,,"Drama, Horror, Mystery",,"A married couple moving into their dream home is being threatened by terrifying letters from a stalker, signed- The Watcher.","Luke David Blumm, Terry Kinney, Michael Nouri, Emily Juliette Murphy",
Borgen,58,Drama,8.5,"A political drama about a primeisters rise to power, and how power changes a primeister.","Sidse Babett Knudsen, Birgitte Hjort Sørensen, Søren Malling, Lisbeth Wulff","26,360"
Marcella,45,"Crime, Drama, Mystery",7.4,"Marcella Backland left the Metropolitan Police for the sake of her family, only to have her husband leave her. She returns to her job on the murder squad, investigating a case that seems disturbingly familiar to her.","Anna Friel, Ray Panthaki, Jack Doolan, Jamie Bamber","31,515"
Reign,42,Drama,7.4,"Mary, Queen of Scots, faces political and sexual intrigue in the treacherous world of the French court.","Adelaide Kane, Megan Follows, Celina Sinden, Torrance Coombs","49,625"
Love Between Fairy and Devil,40,"Comedy, Fantasy, Romance",8.6,"A girl whose tribe was vanquished by Demon Lord, Qingcang was reborn. To gain freedom from a curse Dongfang must sacrifice Lanhuas soul. In the process, the heartless demon falls in love with the young fairy.","Dylan Wang, Esther Yu, Haiqiao Xu, Xiaoting Guo",365
Amar,105,"Drama, Romance",5.1,"Laura and Carlos love each other as if every day was the last, and perhaps that first love intensity is what will tear them apart a year later.","Esteban Crespo, | ,     Stars:, María Pedraza, Pol Monen, Natalia Tena, Greta Fernández","4,570"
Freaks and Geeks,44,"Comedy, Drama",8.8,A high school mathlete starts hanging out with a group of burnouts while her younger brother navigates his freshman year.,"Linda Cardellini, John Francis Daley, James Franco, Samm Levine","142,164"
High Heat,45,Drama,5.9,"When clues to his brothers murder lead Poncho to a fire brigade, he joins it to investigate further and finds romance, family - and a serial killer.","Yomary Cruz, Tania Possick, David DeSantos, Eduardo Capetillo",432
Workin Moms,30,"Comedy, Drama",7.8,"Four very different thirtysomething working-mother friends try to balance their jobs, family lives, and love lives in modern-day Toronto, Canada.","Catherine Reitman, Dani Kind, Philip Sternberg, Ryan Belleville","17,710"
Poldark,60,"Drama, Romance",8.3,"Ross Poldark returns home after American Revolutionary War and rebuilds his life with a new business venture, making new enemies and finding a new love where he least expects it.","Aidan Turner, Eleanor Tomlinson, Jack Farthing, Beatie Edney","31,763"
Penny Dreadful,60,"Drama, Fantasy, Horror",8.2,"Explorer Sir Malcolm Murray, American gunslinger Ethan Chandler, scientist Victor Frankenstein and medium Vanessa Ives unite to combat supernatural threats in Victorian London.","Josh Hartnett, Timothy Dalton, Eva Green, Reeve Carney","121,814"
Medici,60,"Biography, Drama, History",7.9,"A political family drama set in Florence in the early fifteenth century. Cosimo de Medici finds himself at the helm of his banking dynasty when his father, Giovanni, dies suddenly.","Daniel Sharman, Alessandra Mastronardi, Synnove Karlsen, Sebastian De Souza","19,261"
Your Name.,106,"Animation, Drama, Fantasy",8.4,"Two strangers find themselves linked in a bizarre way. When a connection forms, will distance be the only thing to keep them apart?","Makoto Shinkai, | ,     Stars:, Ryûnosuke Kamiki, Mone Kamishiraishi, Ryô Narita, Aoi Yûki","262,352"
Venom,112,"Action, Adventure, Sci-Fi",6.6,"A failed reporter is bonded to an alien entity, one of many symbiotes who have invaded Earth. But the being takes a liking to Earth and decides to protect it.","Ruben Fleischer, | ,     Stars:, Tom Hardy, Michelle Williams, Riz Ahmed, Scott Haze","478,585"
Californication,28,"Comedy, Drama",8.3,"A writer tries to juggle his career, his relationship with his daughter and his ex-girlfriend, as well as his appetite for beautiful women.","David Duchovny, Natascha McElhone, Evan Handler, Pamela Adlon","180,641"
The Platform,94,"Horror, Sci-Fi, Thriller",7,A vertical prison with one cell per level. Two people per cell. Only one food platform and twoutes per day to feed. An endless nightmare trapped in The Hole.,"Galder Gaztelu-Urrutia, | ,     Stars:, Ivan Massagué, Zorion Eguileor, Antonia San Juan, Emilio Buale","219,327"
Interceptor,99,"Action, Adventure, Drama",4.5,One Army captain must use her years of tactical training and military expertise when a simultaneous coordinated attack threatens the remote missile interceptor station she is in command of.,"Matthew Reilly, | ,     Stars:, Elsa Pataky, Luke Bracey, Aaron Glenane, Mayen Mehta","22,251"
Shadowhunters,42,"Action, Drama, Fantasy",6.5,"After her mother disappears, Clary must venture into the dark world of demon hunting, and embrace her new role among the Shadowhunters.","Katherine McNamara, Dominic Sherwood, Alberto Rosende, Matthew Daddario","63,040"
Tropic Thunder,107,"Action, Comedy, War",7,"Through a series of freak occurrences, a group of actors shooting a big-budget war movie are forced to become the soldiers they are portraying.","Ben Stiller, | ,     Stars:, Ben Stiller, Jack Black, Robert Downey Jr., Jeff Kahn","413,784"
Howls Moving Castle,119,"Animation, Adventure, Family",8.2,"When an unconfident young woman is cursed with an old body by a spiteful witch, her only chance of breaking the spell lies with a self-indulgent yet insecure young wizard and his companions in his legged, walking castle.","Hayao Miyazaki, | ,     Stars:, Chieko Baishô, Takuya Kimura, Tatsuya Gashûin, Akihiro Miwa","390,278"
Beverly Hills Cop: Axel Foley,,"Action, Comedy, Crime",,The plot is unknown.,"Mark Molloy, | ,     Stars:, Joseph Gordon-Levitt, Eddie Murphy, Judge Reinhold, Paul Reiser",
iZombie,42,"Comedy, Crime, Drama",7.8,"A medical resident finds that being a zombie has its perks, which she uses to assist the police.","Rose McIver, Malcolm Goodwin, Rahul Kohli, Robert Buckley","67,849"
SPY×FAMILY,24,"Animation, Action, Comedy",8.6,"A spy on an undercover mission gets married and adopts a child as part of his cover. His wife and daughter have secrets of their own, and all three must strive to keep together.","Takuya Eguchi, Atsumi Tanezaki, Saori Hayami, Alex Organ","19,612"
Fighting with My Family,108,"Biography, Comedy, Drama",7.1,A former wrestler and his family make a living performing at small venues around the country while his kids dream of joining World Wrestling Entertainment.,"Stephen Merchant, | ,     Stars:, Dwayne Johnson, Lena Headey, Vince Vaughn, Florence Pugh","81,142"
Captain America: Civil War,147,"Action, Adventure, Sci-Fi",7.8,Political involvement in the Avengers affairs causes a rift between Captain America and Iron Man.,"Anthony Russo, Joe Russo, | ,     Stars:, Chris Evans, Robert Downey Jr., Scarlett Johansson, Sebastian Stan","776,556"
The Ranch,30,"Comedy, Drama, Western",7.5,The son of a Colorado rancher returns home from a semi-pro football career to run the family business.,"Ashton Kutcher, Sam Elliott, Grady Lee Richmond, Elisha Cuthbert","38,824"
Will & Grace,22,"Comedy, Romance",7.3,"Gay lawyer Will and straight interior designer Grace share a New York City apartment. Their best friends are gleeful and proud gay Jack and charismatic, filthy-rich, amoral socialite Karen.","Eric McCormack, Debra Messing, Megan Mullally, Sean Hayes","55,858"
Im Thinking of Ending Things,134,"Drama, Thriller",6.6,"Full of misgivings, a young woman travels with her new boyfriend to his parents secluded farm. Upon arriving, she comes to question everything she thought she knew about him, and herself.","Charlie Kaufman, | ,     Stars:, Jesse Plemons, Jessie Buckley, Toni Collette, David Thewlis","85,315"
The Wonder,103,"Drama, Mystery, Thriller",7.6,"A tale of two strangers who transform each others lives, a psychological thriller, and a story of love pitted against evil.","Sebastián Lelio, | ,     Stars:, Florence Pugh, Niamh Algar, Ciarán Hinds, Tom Burke",87
The Midnight Club,,"Drama, Horror, Mystery",,"The Midnight Club follows a group of five terminally ill patients at Brightcliffe Hospice, who begin to gather together at midnight to share scary stories.","Samantha Sloyan, Zach Gilford, Igby Rigney, Heather Langenkamp",
Black Clover,24,"Animation, Action, Adventure",8.3,"Asta and Yuno were abandoned together at the same church and have been inseparable since. As children, they promised that they would compete against each other to see who would become the next Emperor Magus.","Dallas Reid, Jill Harris, Cris George, Christopher Sabat","22,411"
Russian Doll,30,"Comedy, Drama, Mystery",7.8,A cynical young woman in New York City keeps dying and returning to the party thats being thrown in her honor on that same evening. She tries to find a way out of this strange time loop.,"Natasha Lyonne, Charlie Barnett, Greta Lee, Elizabeth Ashley","94,732"
Snowpiercer,126,"Action, Sci-Fi, Thriller",7.1,"In a future where a failed climate change experiment has killed all life except for the survivors who boarded the Snowpiercer (a train that travels around the globe), a new class system emerges.","Bong Joon Ho, | ,     Stars:, Chris Evans, Jamie Bell, Tilda Swinton, Ed Harris","359,095"
Below Deck Mediterranean,43,Reality-TV,7.5,"A reality show following the crew of the Ionian Princess, a luxury charter yacht in the Mediterranean.","Sandy Yawn, Hannah Ferrier, Malia White, Colin Macy-OToole","2,757"
Lost in Space,60,"Adventure, Drama, Family",7.3,"After crash-landing on an alien planet, the Robinson family fight against all odds to survive and escape, but theyre surrounded by hidden dangers.","Molly Parker, Toby Stephens, Maxwell Jenkins, Taylor Russell","99,084"
The Forgotten Battle,124,"Drama, War",7.1,"1944, the Second World War. A British glider pilot, a Dutch boy fighting on the German side and a Dutch female resistance member all end up involved in the Battle of the Schelde. Their choices differ, but their goal is the same: freedom.","Matthijs van Heijningen Jr., | ,     Stars:, Gijs Blom, Jamie Flatters, Susan Radder, Jan Bijvoet","28,608"
HollyBlood,87,"Comedy, Fantasy, Horror",4.3,"Javi, a perfectly ordinary teenager who doesnt suspect that his crush on Sara might be reciprocated. Through a string of misunderstandings, Sara comes to believe that Javi is in possession of supernatural powers.","Jesús Font, | ,     Stars:, Óscar Casas, Isa Montalbán, Jordi Sánchez, Carlos Suárez",564
A Cinderella Story,95,"Comedy, Family, Romance",5.9,"Routinely exploited by her wicked stepmother, the downtrodden Samantha Montgomery is excited about the prospect of meeting her Internet beau at the schools Halloween dance.","Mark Rosman, | ,     Stars:, Hilary Duff, Chad Michael Murray, Jennifer Coolidge, Dan Byrd","87,840"
6 Underground,128,"Action, Thriller",6.1,"Six individuals from all around the globe, each the very best at what they do, have been chosen not only for their skill, but for a unique desire to delete their pasts to change the future.","Michael Bay, | ,     Stars:, Ryan Reynolds, Mélanie Laurent, Manuel Garcia-Rulfo, Ben Hardy","174,852"
Happy Valley,58,"Crime, Drama, Thriller",8.5,Yorkshire based crime drama centering on the personal and professional life of Police Sergeant Catherine Cawood.,"Sarah Lancashire, Siobhan Finneran, Charlie Murphy, James Norton","39,851"
The Stranger,363,"Crime, Drama, Mystery",7.3,Follows the lives of suburban families whose secrets and lies are made public by the appearance of a stranger.,"Richard Armitage, Shaun Dooley, Siobhan Finneran, Jacob Dudman","50,086"
Public Enemies,140,"Action, Biography, Crime",7,"The Feds try to take down notorious American gangsters John Dillinger, Baby Face Nelson, and Pretty Boy Floyd during a booming crime wave in the 1930s.","Michael Mann, | ,     Stars:, Christian Bale, Johnny Depp, Christian Stolte, Jason Clarke","302,797"
Sausage Party,89,"Animation, Adventure, Comedy",6.1,A sausage strives to discover the truth about his existence.,"Greg Tiernan, Conrad Vernon, | ,     Stars:, Seth Rogen, Kristen Wiig, Jonah Hill, Alistair Abell","194,159"
Revenge,44,"Drama, Mystery, Thriller",7.8,An emotionally troubled young woman sets out to exact revenge against the people who wronged her father.,"Madeleine Stowe, Emily VanCamp, Gabriel Mann, Nick Wechsler","119,927"
The Invitation,100,"Drama, Horror, Mystery",6.6,"A man accepts an invitation to a dinner party hosted by his ex-wife, an unsettling affair that reopens old wounds and creates new tensions.","Karyn Kusama, | ,     Stars:, Logan Marshall-Green, Emayatzy Corinealdi, Michiel Huisman, Tammy Blanchard","108,509"
Paddington 2,103,"Adventure, Comedy, Family",7.8,"Paddington, now happily settled with the Brown family and a popular member of the local community, picks up a series of odd jobs to buy the perfect present for his Aunt Lucys 100th birthday, only for the gift to be stolen.","Paul King, | ,     Stars:, Ben Whishaw, Hugh Grant, Hugh Bonneville, Sally Hawkins","77,861"
Shameless,90,"Comedy, Crime, Drama",8,The lives and relationships of a group of siblings and their estranged father Frank Gallagher on a rough Manchester estate.,"David Threlfall, Rebecca Atkinson, Alice Barry, Nicky Evans","16,895"
The Girl in the Mirror,56,"Drama, Horror, Mystery",6.2,"After losing her memory in a bizarre accident that kills most of her classmates, Alma tries to unravel what happened that day and regain her identity.","Mireia Oriol, Álex Villazán, Pol Monen, Claudia Roset","1,472"
Terrifier,82,"Horror, Thriller",5.6,"On Halloween night, Tara Heyes finds herself as the obsession of a sadistic murderer known as Art the Clown.","Damien Leone, | ,     Stars:, Jenna Kanell, Samantha Scaffidi, David Howard Thornton, Catherine Corcoran","19,119"
The Blues Brothers,133,"Action, Adventure, Comedy",7.9,"Jake Blues rejoins with his brother Elwood after being released from prison, but the duo has just days to reunite their old R&B band and save the Catholic home where the two were raised, outrunning the police as they tear through Chicago.","John Landis, | ,     Stars:, John Belushi, Dan Aykroyd, Cab Calloway, John Candy","199,019"
Merlí,58,"Comedy, Drama, Romance",8.6,"TV series about a high school philosophy teacher, Merlí, who teaches in an original way, and about the students of his class, including his own son, and the relationship, friendship, love, and problems among the students of the class.","Francesc Orella, Pere Ponce, Carlos Cuevas, Marta Marco","8,555"
Polar,118,"Action, Thriller",6.3,"A retiring assassin suddenly finds himself on the receiving end of a hit, contracted by none other than his own employer seeking to cash in on the pensions of aging employees.","Jonas Åkerlund, | ,     Stars:, Mads Mikkelsen, Vanessa Hudgens, Katheryn Winnick, Fei Ren","89,645"
The Unforgivable,112,"Crime, Drama",7.1,A woman is released from prison after serving a sentence for a violent crime and re-enters a society that refuses to forgive her past.,"Nora Fingscheidt, | ,     Stars:, Sandra Bullock, Viola Davis, Vincent DOnofrio, Jon Bernthal","107,709"
Red Rose,45,"Drama, Horror, Thriller",6.4,"Set over a long hot summer following high school, the teens friendships are infiltrated by the Red Rose app, which blooms on their smartphones, threatening them with dangerous consequences...                See full summary »","Amelia Clarkson, Natalie Blair, Ellis Howard, Ali Khan",761
King Arthur: Legend of the Sword,126,"Action, Adventure, Drama",6.7,"Robbed of his birthright, Arthur comes up the hard way in the back alleys of the city. But once he pulls the sword from the stone, he is forced to acknowledge his true legacy - whether he likes it or not.","Guy Ritchie, | ,     Stars:, Charlie Hunnam, Astrid Bergès-Frisbey, Jude Law, Djimon Hounsou","216,416"
The Impossible,114,"Adventure, Drama, History",7.5,The story of a tourist family in Thailand caught in the destruction and chaotic aftermath of the 2004 Indian Ocean tsunami.,"J.A. Bayona, | ,     Stars:, Naomi Watts, Ewan McGregor, Tom Holland, Oaklee Pendergast","223,356"
Vinland Saga,24,"Animation, Action, Adventure",8.8,Thorfinn pursues a journey with his fathers killer in order to take revenge and end his life in a duel as an honorable warrior and pay his father a homage.,"Zach Aguilar, William Christopher Stephens, Keith Silverstein, Kira Buckland","36,550"
Spider-Man: Far from Home,129,"Action, Adventure, Sci-Fi",7.4,"Following the events of Avengers: Endgame (2019), Spider-Man must step up to take on new threats in a world that has changed forever.","Jon Watts, | ,     Stars:, Tom Holland, Samuel L. Jackson, Jake Gyllenhaal, Marisa Tomei","482,390"
The Ballad of Buster Scruggs,133,"Comedy, Drama, Musical",7.3,"Six tales of life and violence in the Old West, following a singing gunslinger, a bank robber, a traveling impresario, an elderly prospector, a wagon train, and a perverse pair of bounty hunters.","Ethan Coen, Joel Coen, | ,     Stars:, Tim Blake Nelson, Willie Watson, Clancy Brown, Danny McCarthy","146,391"
Madam Secretary,45,"Drama, Thriller",7.7,A political drama which looks into the life of the Secretary of State as she tries to balance work with family.,"Téa Leoni, Tim Daly, Erich Bergen, Zeljko Ivanek","23,203"
Willy Wonka & the Chocolate Factory,100,"Family, Fantasy, Musical",7.8,A poor but hopeful boy seeks one of the five coveted golden tickets that will send him on a tour of Willy Wonkas mysterious chocolate factory.,"Mel Stuart, | ,     Stars:, Gene Wilder, Jack Albertson, Peter Ostrum, Roy Kinnear","200,703"
Full House,22,"Comedy, Drama, Family",6.7,A widowed broadcaster raises his three daughters with assistance from his rocknroll brother-in-law and his madcap best friend.,"Bob Saget, John Stamos, Dave Coulier, Candace Cameron Bure","58,833"
Sweet Magnolias,,"Drama, Romance",7.3,"Three South Carolina women, best friends since high school, shepherd one another through the complexities of romance, career, and family.","Carson Rowland, JoAnna Garcia Swisher, Brooke Elliott, Heather Headley","18,682"
True Story,260,"Crime, Drama, Thriller",7.4,A tour stop in Kids hometown of Philadelphia becomes a matter of life and death for one of the worlds most famous comedians.,"Kevin Hart, Wesley Snipes, William Catlett, Paul Adelstein","18,325"
La jefa,109,Drama,4.7,"When a fashion employee thinks she will have to end her promising career after getting pregnant, her boss offers to adopt the child.","Fran Torres, | ,     Stars:, Aitana Sánchez-Gijón, Cumelen Sanz, Younes Bachir, Pedro Casablanc","1,028"
The Vault,118,"Action, Adventure, Thriller",6.4,Follows a genius engineering graduate who is interested in the Bank of Spains safe.,"Jaume Balagueró, | ,     Stars:, Freddie Highmore, Astrid Bergès-Frisbey, Sam Riley, Liam Cunningham","25,121"
Pieces of a Woman,126,Drama,7,"When a young mothers home birth ends in unfathomable tragedy, she begins a year-long odyssey of mourning that fractures relationships with loved ones in this deeply personal story of a woman learning to live alongside her loss.","Kornél Mundruczó, | ,     Stars:, Vanessa Kirby, Shia LaBeouf, Ellen Burstyn, Iliza Shlesinger","49,524"
Nashville,43,"Drama, Music, Romance",7.7,"Follows the lives and tragedies of rising and fading country music stars in Nashville, Tennessee.","Hayden Panettiere, Clare Bowen, Charles Esten, Jonathan Jackson","25,744"
Footloose,107,"Drama, Music, Romance",6.6,"A city teenager moves to a small town where rock music and dancing have been banned, and his rebellious spirit shakes up the populace.","Herbert Ross, | ,     Stars:, Kevin Bacon, Lori Singer, John Lithgow, Dianne Wiest","80,905"
Geralds Game,103,"Drama, Horror, Thriller",6.5,"A couple tries to spice up their marriage in a remote lake house. After the husband dies unexpectedly, the wife is left handcuffed to their bed frame and must fight to survive and break free.","Mike Flanagan, | ,     Stars:, Carla Gugino, Bruce Greenwood, Chiara Aurelia, Carel Struycken","108,970"
Charlies Angels,118,"Action, Adventure, Comedy",4.9,"When a young systems engineer blows the whistle on a dangerous technology, Charlies Angels are called into action, putting their lives on the line to protect us all.","Elizabeth Banks, | ,     Stars:, Kristen Stewart, Naomi Scott, Ella Balinska, Elizabeth Banks","73,202"
The Curse of Bridge Hollow,89,"Adventure, Comedy, Family",,"A teenage girl, who accidentally releases an ancient and mischievous spirit on Halloween which causes decorations to come alive and wreak havoc, must team up with the last person shed want to in order to save their town - her father.","Jeff Wadlow, | ,     Stars:, Lauren Lapkus, Priah Ferguson, Marlon Wayans, Nia Vardalos",
Sense8,60,"Drama, Mystery, Sci-Fi",8.2,"A group of people around the world are suddenly linked mentally, and must find a way to survive being hunted by those who see them as a threat to the worlds order.","Bae Doona, Jamie Clayton, Tina Desai, Tuppence Middleton","153,913"
Travelers,45,"Drama, Mystery, Sci-Fi",8,"Hundreds of years from now, surviving humans discover how to send consciousness back through time, into people of the 21st century, while attempting to change the path of humanity.","Eric McCormack, MacKenzie Porter, Nesta Cooper, Jared Abrahamson","56,239"
The Lost Daughter,121,Drama,6.7,A womans beach vacation takes a dark turn when she begins to confront the troubles of her past.,"Maggie Gyllenhaal, | ,     Stars:, Olivia Colman, Jessie Buckley, Dakota Johnson, Ed Harris","62,800"
Miraculous: Tales of Ladybug & Cat Noir,20,"Animation, Action, Adventure",7.6,"Marinette and Adrien, two normal teens, transform into superheroes Ladybug and Cat Noir when an evil threatens their city.","Cristina Valenzuela, Bryce Papenbrook, Keith Silverstein, Mela Lee","11,332"
Texas Chainsaw Massacre,81,"Crime, Horror, Thriller",4.8,"After 48 years of hiding, Leatherface returns to terrorize a group of idealistic young friends who accidentally disrupt his carefully shielded world in a remote Texas town.","David Blue Garcia, | ,     Stars:, Sarah Yarkin, Elsie Fisher, Mark Burnham, Jacob Latimore","50,801"
Senior Year,111,Comedy,5.5,"A cheerleading stunt gone wrong landed her in a 20-year coma. Now shes 37, newly awake and ready to live out her high school dream: becoming prom queen.","Alex Hardcastle, | ,     Stars:, Rebel Wilson, Angourie Rice, Mary Holland, Molly Brown","36,521"
"Bastard!! Heavy Metal, Dark Fantasy",25,"Animation, Action, Adventure",6.6,"When evil forces threaten to resurrect Anthrasax, the God of Destruction, the Kingdom of Meta-llicana calls on a volatile dark wizard for help.","Kishô Taniyama, Tomori Kusunoki, Kyle McCarley, Erin Yvette","1,364"
Castlevania,23,"Animation, Action, Adventure",8.3,A vampire hunter fights to save a besieged city from an army of otherworldly creatures controlled by Dracula.,"Richard Armitage, James Callis, Alejandra Reynoso, Theo James","64,403"
Matilda,117,"Comedy, Drama, Family",,"An adaptation of the Tony and Olivier award-winning musical. Matilda tells the story of an extraordinary girl who, armed with a sharpd and a vivid imagination, dares to take a stand to change her story with miraculous results.","Matthew Warchus, | ,     Stars:, Emma Thompson, Lashana Lynch, Andrea Riseborough, Stephen Graham",
Step Brothers,98,Comedy,6.9,Two aimless middle-aged losers still living at home are forced against their will to become roommates when their parents marry.,"Adam McKay, | ,     Stars:, Will Ferrell, John C. Reilly, Mary Steenburgen, Richard Jenkins","294,349"
Castle Rock,60,"Drama, Fantasy, Horror",7.5,"Based on the stories of Stephen King, the series intertwines characters and themes from the fictional town of Castle Rock.","Bill Skarsgård, André Holland, Lizzy Caplan, Melanie Lynskey","45,696"
Rebel Moon,,"Adventure, Drama, Fantasy",,A young woman seeks out warriors from other planets to fight the tyrannical armies terrorizing her peaceful colony.,"Zack Snyder, | ,     Stars:, Sofia Boutella, Charlie Hunnam, Jena Malone, Ed Skrein",
The Harder They Fall,139,"Action, Drama, Western",6.5,"When an outlaw discovers his enemy is being released from prison, he reunites his gang to seek revenge.","Jeymes Samuel, | ,     Stars:, Jonathan Majors, Zazie Beetz, RJ Cyler, Edi Gathegi","61,698"
The OA,60,"Drama, Fantasy, Mystery",7.8,"Having gone missing seven years ago, the previously blind Prairie returns home, now in her twenties with her sight restored. While many believe she is a miracle, others worry that she could be dangerous.","Brit Marling, Jason Isaacs, Scott Wilson, Alice Krige","104,258"
Below Her Mouth,94,"Drama, Romance",5.5,An unexpected affair quickly escalates into a heart-stopping reality for two women whose passionate connection changes their lives forever.,"April Mullen, | ,     Stars:, Erika Linder, Natalie Krill, Sebastian Pigott, Mayko Nguyen","12,539"
Fear Street: Part One - 1994,107,"Drama, Horror, Mystery",6.2,A circle of teenage friends accidentally encounter the ancient evil responsible for a series of brutal murders that have plagued their town for over 300 years. Welcome to Shadyside.,"Leigh Janiak, | ,     Stars:, Kiana Madeira, Olivia Scott Welch, Benjamin Flores Jr., Julia Rehwald","79,648"
Birdman or (The Unexpected Virtue of Ignorance),119,"Comedy, Drama",7.7,"A washed-up superhero actor attempts to revive his fading career by writing, directing, and starring in a Broadway production.","Alejandro G. Iñárritu, | ,     Stars:, Michael Keaton, Zach Galifianakis, Edward Norton, Andrea Riseborough","626,026"
Beauty and the Beast,84,"Animation, Family, Fantasy",8,A prince cursed to spend his days as a hideous monster sets out to regain his humanity by earning a young womans love.,"Gary Trousdale, Kirk Wise, | ,     Stars:Paige OHara, Robby Benson, Jesse Corti, Rex Everhart","452,086"
Moonlight,111,Drama,7.4,"A young African-American man grapples with his identity and sexuality while experiencing the everyday struggles of childhood, adolescence, and burgeoning adulthood.","Barry Jenkins, | ,     Stars:, Mahershala Ali, Naomie Harris, Trevante Rhodes, Alex R. Hibbert","305,932"
Dirilis: Ertugrul,120,"Action, Adventure, Drama",7.9,"The heroic story of Ertugrul Ghazi, the father of Osman (Uthman) who founded the Ottoman Empire.","Engin Altan Düzyatan, Hülya Darcan, Cengiz Coskun, Nurettin Sönmez","36,678"
National Lampoons Animal House,109,Comedy,7.4,"At a 1962 college, Dean Vernon Wormer is determined to expel the entire Delta Tau Chi Fraternity, but those troublemakers have other plans for him.","John Landis, | ,     Stars:, John Belushi, Karen Allen, Tom Hulce, Stephen Furst","121,253"
Crash Landing on You,70,"Adventure, Comedy, Romance",8.7,The absolute top secret love story of a chaebol heiress who made an emergency landing in North Korea because of a paragliding accident and a North Korean special officer who falls in love with her and who is hiding and protecting her.,"Hyun Bin, Son Ye-jin, Seo Ji-hye, Kim Jung-hyun","28,088"
Archive 81,60,"Drama, Horror, Mystery",7.3,An archivist hired to restore a collection of tapes finds himself reconstructing the work of a filmmaker and her investigation into a dangerous cult.,"Mamoudou Athie, Dina Shihabi, Evan Jonigkeit, Julia Chan","48,309"
Trailer Park Boys,30,"Comedy, Crime",8.6,Three petty felons have a documentary made about their life in a trailer park.,"John Paul Tremblay, Robb Wells, Mike Smith, John Dunsworth","43,638"
Misfits,60,"Comedy, Drama, Fantasy",8.2,"A group of young offenders doing community service get struck by lightning during a storm, and begin to develop superpowers.","Nathan Stewart-Jarrett, Joe Gilgun, Iwan Rheon, Lauren Socha","101,181"
Ratched,60,"Crime, Drama, History",7.2,"In 1947, Mildred Ratched begins working as a nurse at a leading psychiatric hospital. But beneath her stylish exterior lurks a growing darkness.","Sarah Paulson, Finn Wittrock, Cynthia Nixon, Judy Davis","55,875"
GLOW,35,"Comedy, Drama, Sport",8,A look at the personal and professional lives of a group of women who perform for a wrestling organization in Los Angeles during the 1980s.,"Alison Brie, Marc Maron, Betty Gilpin, Britt Baron","46,464"
Skyggen i mit øje,107,"Drama, History, War",7.3,The fates of several Copenhagen residents collide when a WWII bombing mission accidentally targets a school full of children.,"Ole Bornedal, | ,     Stars:, Caspar Phillipson, Alex Høgh Andersen, Danica Curcic, Fanny Bornedal","10,999"
The Stranger,117,"Crime, Drama, Thriller",7.4,"Two men who meet on a plane and strike up a conversation that turns into friendship. For Henry Teague, worn down by a lifetime of physical labour and crime, this is a dream come true.","Thomas M. Wright, | ,     Stars:, Joel Edgerton, Sean Harris, Matthew Sunderland, Ewen Leslie",85
Cowboy Bebop,58,"Action, Adventure, Comedy",6.7,A ragtag crew of bounty hunters chases down the galaxys most dangerous criminals. Theyll save the world--for the right price.,"John Cho, Mustafa Shakir, Daniella Pineda, Elena Satine","39,424"
Shooter,60,"Action, Drama",7.5,"A conspiracy thriller that follows the journey of Bob Lee Swagger, a highly-decorated veteran who is coerced back into action to prevent a plot to kill the President.","Ryan Phillippe, Shantel VanSanten, Cynthia Addai-Robinson, Omar Epps","36,802"
Drifting Home,119,"Animation, Adventure, Drama",6.3,Follows two childhood friends who drift into a mysterious sea with an entire housing complex.,"Hiroyasu Ishida, | ,     Stars:, Daiki Yamashita, Inoriase, Kana Hanazawa, Mutsumi Tamura",725
Keep Breathing,209,"Adventure, Drama, Thriller",5.2,"When a small plane crashes in the middle of the Canadian wilderness, a lone woman must battle the elements and odds to survive.","Melissa Barrera, Jeff Wilbusch, Florencia Lozano, Juan Pablo Espinosa","10,156"
The Bubble,126,Comedy,4.7,A group of actors and actresses stuck inside a pandemic bubble at a hotel attempt to complete a film.,"Judd Apatow, | ,     Stars:, Harry Trevaldwyn, Samson Kayo, Peter Serafinowicz, Danielle Vitalis","23,324"
Bloodline,60,"Drama, Thriller",7.9,A family is forced to face their past secrets and scars when the black sheep returns home.,"Kyle Chandler, Ben Mendelsohn, Linda Cardellini, Sissy Spacek","52,302"
Get Smart with Money,93,Documentary,5.6,Economical advisers give out their tips on how to get smart with money and take control over your economy.,"Stephanie Soechtig, | ,     Stars:, Pete Adeney, Tiffany Aliche, Ross MacDonald, Paula Pant",444
Marriage Story,137,"Drama, Romance",7.9,Noah Baumbachs incisive and compassionate look at a marriage breaking up and a family staying together.,"Noah Baumbach, | ,     Stars:, Adam Driver, Scarlett Johansson, Julia Greer, Azhy Robertson","303,984"
A Series of Unfortunate Events,50,"Adventure, Comedy, Drama",7.8,"After the loss of their parents in a mysterious fire, the three Baudelaire children face trials and tribulations attempting to uncover dark family secrets.","Neil Patrick Harris, Patrick Warburton, Malina Weissman, Louis Hynes","60,640"
Hell or High Water,102,"Crime, Drama, Thriller",7.6,A divorced father and his ex-con older brother resort to a desperate scheme in order to save their familys ranch in West Texas.,"David Mackenzie, | ,     Stars:, Chris Pine, Ben Foster, Jeff Bridges, Gil Birmingham","229,943"
Dark Desire,30,"Drama, Mystery, Thriller",6.5,"Married Alma spends a fateful weekend away from home that ignites passion, ends in tragedy, and leads her to question the truth about those close to her.","Maite Perroni, Erik Hayser, Jorge Poza, Regina Pavón","7,693"
The Human Centipede (First Sequence),92,Horror,4.4,"A mad scientist kidnaps and mutilates a trio of tourists in order to reassemble them into a human centipede, created by stitching their mouths to each others rectums.","Tom Six, | ,     Stars:, Dieter Laser, Ashley C. Williams, Ashlynn Yennie, Akihiro Kitamura","79,417"
Ghost,127,"Drama, Fantasy, Romance",7.1,"After a young man is murdered, his spirit stays behind to warn his lover of impending danger, with the help of a reluctant psychic.","Jerry Zucker, | ,     Stars:, Patrick Swayze, Demi Moore, Whoopi Goldberg, Tony Goldwyn","216,532"
Army of the Dead,148,"Action, Crime, Horror",5.7,"Following a zombie outbreak in Las Vegas, a group of mercenaries take the ultimate gamble, venturing into the quarantine zone to pull off the greatest heist ever attempted.","Zack Snyder, | ,     Stars:, Dave Bautista, Ella Purnell, Ana de la Reguera, Omari Hardwick","171,262"
Lawrence of Arabia,218,"Adventure, Biography, Drama",8.3,"The story of T.E. Lawrence, the English officer who successfully united and led the diverse, often warring, Arab tribes during World War I in order to fight the Turks.","David Lean, | ,     Stars:Peter OToole, Alec Guinness, Anthony Quinn, Jack Hawkins","292,337"
The Lost World: Jurassic Park,129,"Action, Adventure, Sci-Fi",6.5,"A research team is sent to the Jurassic Park Site B island to study the dinosaurs there, while an InGen team approaches with another agenda.","Steven Spielberg, | ,     Stars:, Jeff Goldblum, Julianne Moore, Pete Postlethwaite, Vince Vaughn","416,716"
Cowboy Bebop,24,"Animation, Action, Adventure",8.9,The futuristic misadventures and tragedies of an easygoing bounty hunter and his partners.,"Kôichi Yamadera, Unshô Ishizuka, Megumi Hayashibara, Steve Blum","117,843"
Oceans Eight,110,"Action, Comedy, Crime",6.3,Debbie Ocean gathers an all-female crew to attempt an impossible heist at New York Citys yearly Met Gala.,"Gary Ross, | ,     Stars:, Sandra Bullock, Cate Blanchett, Anne Hathaway, Mindy Kaling","217,713"
Gods of Egypt,127,"Action, Adventure, Fantasy",5.4,"Mortal hero Bek teams with the god Horus in an alliance against Set, the merciless god of darkness, who has usurped Egypts throne, plunging the once peaceful and prosperous empire into chaos and conflict.","Alex Proyas, | ,     Stars:, Brenton Thwaites, Nikolaj Coster-Waldau, Gerard Butler, Chadwick Boseman","117,441"
Barbarians,280,"Action, Adventure, Drama",7.2,"Torn between the mighty empire that raised him and his own tribal people, a Roman officers conflicted allegiances lead to an epic historical clash.","Florian Schmidtke, Laurence Rupp, Jeanne Goursaud, David Schütter","24,243"
The Bold Type,45,"Comedy, Drama",7.8,A glimpse into the outrageous lives and loves of those responsible for a global womens magazine.,"Katie Stevens, Aisha Dee, Meghann Fahy, Melora Hardin","21,044"
Atypical,30,"Comedy, Drama",8.3,"Sam, an 18-year-old on the autism spectrum, decides its time to find a girlfriend, which sets Sams mom on her own life-changing path as her son seeks more independence.","Jennifer Jason Leigh, Keir Gilchrist, Brigette Lundy-Paine, Michael Rapaport","87,238"
Rosemarys Baby,137,"Drama, Horror",8,"A young couple trying for a baby moves into an aging, ornate apartment building on Central Park West, where they find themselves surrounded by peculiar neighbors.","Roman Polanski, | ,     Stars:, Mia Farrow, John Cassavetes, Ruth Gordon, Sidney Blackmer","215,114"
3rd Rock from the Sun,60,"Comedy, Family, Sci-Fi",7.8,"A group of aliens are sent to Earth, disguised as a human family, to experience and report life on the third planet from the sun.","John Lithgow, Jane Curtin, Kristen Johnston, French Stewart","52,455"
Mars Attacks!,106,"Comedy, Sci-Fi",6.4,Earth is invaded by Martians with unbeatable weapons and a cruel sense of humor.,"Tim Burton, | ,     Stars:, Jack Nicholson, Pierce Brosnan, Sarah Jessica Parker, Annette Bening","227,173"
Kong: Skull Island,118,"Action, Adventure, Fantasy",6.6,"After the Vietnam war, a team of scientists explores an uncharted island in the Pacific, venturing into the domain of the mighty Kong, and must fight to escape a primal Eden.","Jordan Vogt-Roberts, | ,     Stars:, Tom Hiddleston, Samuel L. Jackson, Brie Larson, John C. Reilly","317,486"
Theres Something About Mary,119,"Comedy, Romance",7.1,"A man gets a chance to meet up with his dream girl from high school, even though his date with her back then was a complete disaster.","Bobby Farrelly, Peter Farrelly, | ,     Stars:, Cameron Diaz, Matt Dillon, Ben Stiller, Lee Evans","311,136"
Dont Breathe,88,"Crime, Horror, Thriller",7.1,"Hoping to walk away with a massive fortune, a trio of thieves break into the house of a blind man who isnt as helpless as he seems.","Fede Alvarez, | ,     Stars:, Stephen Lang, Jane Levy, Dylannette, Daniel Zovatto","272,361"
Now You See Me,115,"Crime, Mystery, Thriller",7.2,"An F.B.I. Agent and an Interpol Detective track a team of illusionists who pull off bank heists during their performances, and reward their audiences with the money.","Louis Leterrier, | ,     Stars:, Jesse Eisenberg, Common, Mark Ruffalo, Woody Harrelson","654,721"
One Of Us Is Lying,50,"Crime, Drama, Mystery",6.8,"A brain, an athlete, a princess, a criminal and a basket case walk into detention--but only the first four make it out alive.","Melissa Collazo, Annalisa Cochrane, Chibuikem Uche, Marianly Tejada","8,906"
Monty Python and the Holy Grail,91,"Adventure, Comedy, Fantasy",8.2,"King Arthur and his Knights of the Round Table embark on a surreal, low-budget search for the Holy Grail, encountering many, very silly obstacles.","Terry Gilliam, Terry Jones, | ,     Stars:, Graham Chapman, John Cleese, Eric Idle, Terry Gilliam","538,546"
Batman v Superman: Dawn of Justice,152,"Action, Adventure, Sci-Fi",6.4,"Fearing that the actions of Superman are left unchecked, Batman takes on the Man of Steel, while the world wrestles with what kind of a hero it really needs.","Zack Snyder, | ,     Stars:, Ben Affleck, Henry Cavill, Amy Adams, Jesse Eisenberg","694,619"
Climax,97,"Drama, Horror, Music",6.9,"French dancers gather in a remote, empty school building to rehearse on a wintry night. The all-night celebration morphs into a hallucinatory nightmare when they learn their sangria is laced with LSD.","Gaspar Noé, | ,     Stars:, Sofia Boutella, Romain Guillermic, Souheila Yacoub, Kiddy Smile","67,926"
Lupin,45,"Action, Crime, Drama",7.5,"Inspired by the adventures of Arsène Lupin, gentleman thief Assane Diop sets out to avenge his father for an injustice inflicted by a wealthy family.","Omar Sy, Ludivine Sagnier, Hervé Pierre, Soufiane Guerrab","105,218"
Entergalactic,,"Animation, Comedy, Music",,"Jabari, a charming, streetwear-clad artist on the cusp of real success. After a chance run-in with his cool new photographer neighbor, Meadow, Jabari has to figure out whether he can make space for love in his life.","Timothée Chalamet, Vanessa Hudgens, Keith David, Macaulay Culkin",
The Old Guard,125,"Action, Thriller",6.6,A covert team of immortal mercenaries is suddenly exposed and must now fight to keep their identity a secret just as an unexpected new member is discovered.,"Gina Prince-Bythewood, | ,     Stars:, Charlize Theron, KiKi Layne, Matthias Schoenaerts, Marwan Kenzari","162,921"
The Serpent,458,"Crime, Drama, Thriller",7.6,"The twisting, real-life story of Charles Sobhraj, a murderer, thief and seductive master of disguise, who was a hidden darkness in the mid-70s on Asias hippie trail.","Tahar Rahim, Billy Howle, Jenna Coleman, Ellie Bamber","43,200"
"tick, tick... BOOM!",120,"Biography, Drama, Musical",7.5,"On the cusp of his 30th birthday, a promising young theater composer navigates love, friendship and the pressures of life as an artist in New York City.","Lin-Manuel Miranda, | ,     Stars:, Andrew Garfield, Alexandra Shipp, Robin de Jesus, Vanessa Hudgens","103,537"
The Pale Blue Eye,,"Crime, Horror, Mystery",,"Follows a veteran detective who investigates the murders, helped by a detail-oriented young cadet who will later become a world famous author, Edgar Allan Poe.","Scott Cooper, | ,     Stars:, Christian Bale, Gillian Anderson, Lucy Boynton, Robert Duvall",
Alice in Borderland,50,"Action, Drama, Mystery",7.6,A group of bored delinquents are transported to a parallel dimension as part of a survival game.,"Kento Yamazaki, Tao Tsuchiya, Nijirô Murakami, Takanobu Shiohara","50,974"
Gilmore Girls: A Year in the Life,370,"Comedy, Drama",7.6,"Set nearly a decade after the finale of the original series, this revival follows Lorelai, Rory and Emily Gilmore through four seasons of change.","Lauren Graham, Alexis Bledel, Scott Patterson, Kelly Bishop","38,451"
Carter,132,"Action, Thriller",5.1,"Thrown straight into a dangerous mission with none of his memories intact, a man must escape death while trying to figure out who he is, how he ended up here, and who is the mysterious voice in his ear calling him Carter?","Byung-gil Jung, | ,     Stars:, Joo Won, Kim Bo-Min, Sung-Jae Lee, Iftekhar Mahmud","7,595"
The Babysitter,85,"Comedy, Horror",6.3,"When Cole stays up past his bedtime, he discovers that his hot baby sitter belongs to a satanic cult that will stop at nothing to keep him quiet.","McG, | ,     Stars:, Judah Lewis, Samara Weaving, Robbie Amell, Hana Mae Lee","92,479"
Outlaw King,121,"Action, Biography, Drama",6.9,A true David vs. Goliath story of how the 14th century Scottish Outlaw King Robert the Bruce used cunning and bravery to defeat the much larger and better equipped occupying English army.,"David Mackenzie, | ,     Stars:, Chris Pine, Stephen Dillane, Rebecca Robin, Billy Howle","71,960"
Despicable Me 2,98,"Animation, Adventure, Comedy",7.3,"When Gru, the worlds most super-bad turned super-dad has been recruited by a team of officials to stop lethal muscle and a host of Grus own, He has to fight back with new gadgetry, cars, and moreion madness.","Pierre Coffin, Chris Renaud, | ,     Stars:, Steve Carell, Kristen Wiig, Benjamin Bratt, Miranda Cosgrove","399,084"
Good Witch,48,"Comedy, Drama, Fantasy",7.3,"Good Witch will take viewers on a new magical journey with Cassie Nightingale and her daughter Grace. When Dr. Sam Radford moves in next door to Grey House with his son, they are charmed by the magical mother-daughter duo.","Catherine Bell, Catherine Disher, James Denton, Kylee Evans","10,753"
Extraction,116,"Action, Thriller",6.7,"Tyler Rake, a fearless black market mercenary, embarks on the most deadly extraction of his career when hes enlisted to rescue the kidnapped son of an imprisoned international crime lord.","Sam Hargrave, | ,     Stars:, Chris Hemsworth, Bryon Lerum, Ryder Lerum, Rudhraksh Jaiswal","200,239"
Cleveland Abduction,88,"Biography, Crime, Drama",6.6,"A single mother, who becomes the first victim of kidnapper Ariel Castro, finds herself trapped in his home for 11 years, where she eventually becomes a friend and sister to two other women who are taken captive by Castro.","Alex Kalymnios, | ,     Stars:, Taryn Manning, Raymond Cruz, Katie Sarife, Samantha Droke","7,425"
Army of Thieves,127,"Action, Comedy, Crime",6.4,"A prequel, set before the events of Army of the Dead, which focuses on German safecracker Ludwig Dieter leading a group of aspiring thieves on a top secret heist during the early stages of the zombie apocalypse.","Matthias Schweighöfer, | ,     Stars:, Matthias Schweighöfer, Nathalie Emmanuel, Ruby O. Fee, Stuart Martin","75,902"
Selling the OC,30,Reality-TV,5.5,"Jason Oppenheim, owner of the Oppenheim Group, expands the company opening a second office in Newport Beach.","Alexandra Jarvis, Tyler Stanaland, Alexandra Rose, Polly Brindle",767
Dawsons Creek,60,"Drama, Romance",6.8,Four friends in a small coastal town help each other cope with adolescence.,"James Van Der Beek, Katie Holmes, Michelle Williams, Joshua Jackson","41,567"
12 Strong,130,"Action, Drama, History",6.5,"12 Strong tells the story of the first Special Forces team deployed to Afghanistan after 9/11; under the leadership of a new captain, the team must work with an Afghan warlord to take down the Taliban.","Nicolai Fuglsig, | ,     Stars:, Chris Hemsworth, Michael Shannon, Michael Peña, Navid Negahban","81,719"
Lone Survivor,121,"Action, Biography, Drama",7.5,"Marcus Luttrell and his team set out on a mission to capture or kill notorious Taliban leader Ahmad Shah, in late June 2005. Marcus and his team are left to fight for their lives in one of the most valiant efforts of modern warfare.","Peter Berg, | ,     Stars:, Mark Wahlberg, Taylor Kitsch, Emile Hirsch, Ben Foster","287,213"
Into the Night,35,"Drama, Sci-Fi, Thriller",7.1,"When radiation from the sun causes a global disaster on Earth, survivors on an overnight flight from Brussels race from city to city trying to stay ahead of the suns rays by remaining in the cover of night.","Pauline Etienne, Laurent Capelluto, Mehmet Kurtulus, Babetida Sadjo","32,118"
Inside Job,30,"Animation, Comedy, Fantasy",7.6,"For employees of the Deep State, conspiracies arent just theories, theyre fact. And keeping them a secret is a full-time job.","Lizzy Caplan, Christian Slater, Clark Duke, Tisha Campbell","17,662"
Chefs Table: Pizza,45,Documentary,7.4,"Features chefs from all over the world whose creativity elevates an ordinary dish like pizza, to an art form, with their unique flavors, inspiring backgrounds, and passion for creating the perfect slice.","Chris Bianco, Gabriele Bonci, Leo Bianco, Mia Bianco",289
Major,150,"Action, Biography, Drama",8.2,"Based on the life of Major Sandeep Unnikrishnan, who was martyred in action during the November 2008 Mumbai attacks and was consequently awarded the Ashoka Chakra, Indias highest peacetime gallantry award, on 26 January 2009.","Sashi Kiran Tikka, | ,     Stars:, Adivi Sesh, Prakash Raj, Revathi, Saiee Manjrekar","25,431"
Bird Box,124,"Horror, Mystery, Sci-Fi",6.6,"Five years after an ominous unseen presence drives most of society to suicide, a mother and her two children make a desperate bid to reach safety.","Susanne Bier, | ,     Stars:, Sandra Bullock, Trevante Rhodes, John Malkovich, Sarah Paulson","336,633"
The Fresh Prince of Bel-Air,22,Comedy,7.9,"A streetwise, poor young man from Philadelphia is sent by his mother to live with his aunt, uncle and cousins in their Bel-Air mansion.","Will Smith, James Avery, Alfonso Ribeiro, Tatyana Ali","134,185"
Through My Window,116,"Comedy, Drama, Romance",5.4,"Raquels longtime crush on her next-door neighbor turns into something more when he starts developing feelings for her, despite his familys objections.","Marçal Forés, | ,     Stars:, Clara Galle, Julio Peña, Guillermo Lasheras, Natalia Azahara","10,198"
The Holiday,136,"Comedy, Romance",6.9,"Two women troubled with guy-problems swap homes in each others countries, where they each meet a local guy and fall in love.","Nancy Meyers, | ,     Stars:, Kate Winslet, Cameron Diaz, Jude Law, Jack Black","284,199"
Moonrise Kingdom,94,"Comedy, Drama, Romance",7.8,"A pair of young lovers flee their New England town, which causes a local search party to fan out to find them.","Wes Anderson, | ,     Stars:, Jared Gilman, Kara Hayward, Bruce Willis, Bill Murray","348,507"
Hes All That,88,"Comedy, Romance",4.4,"A teenage girl sets out to give a nebbish classmate the ultimate high school makeover. An updated remake of the 1999 film, Shes All That.","Mark Waters, | ,     Stars:, Addison Rae, Tanner Buchanan, Madison Pettis, Rachael Leigh Cook","24,843"
Superwog,30,Comedy,7.4,"A half-hour comedy following the dysfunctional Superwog family. While their parents deal with a marital breakdown, Superwog and best friend Johnny must learn to deal with adulthood and independent life.","Theodore Saidden, Nathan Saidden, Joseph Green, Diamond Lust",986
Breakfast at Tiffanys,115,"Comedy, Drama, Romance",7.6,"A young New York socialite becomes interested in a young man who has moved into her apartment building, but her past threatens to get in the way.","Blake Edwards, | ,     Stars:, Audrey Hepburn, George Peppard, Patricia Neal, Buddy Ebsen","180,040"
The Girl in the Spiders Web,115,"Action, Crime, Drama",6.1,"Young computer hacker Lisbeth Salander and journalist Mikael Blomkvist find themselves caught in a web of spies, cybercriminals and corrupt government officials.","Fede Alvarez, | ,     Stars:, Claire Foy, Beau Gadsdon, Sverrir Gudnason, LaKeith Stanfield","47,930"
The Karate Kid,140,"Action, Drama, Family",6.2,"Work causes a single mother to move to China with her young son; in his new home, the boy embraces kung fu, taught to him by a master.","Harald Zwart, | ,     Stars:, Jackie Chan, Jaden Smith, Taraji P. Henson, Wenwen Han","183,166"
Shot Caller,121,"Crime, Drama, Thriller",7.3,A newly released prisoner is forced by the leaders of his gang to orchestrate a major crime with a brutal rival gang on the streets of Southern California.,"Ric Roman Waugh, | ,     Stars:, Nikolaj Coster-Waldau, Omari Hardwick, Lake Bell, Jon Bernthal","86,482"
The Missing,60,"Crime, Drama, Mystery",8.2,Tony and Emily Hughes vacation turns into a nightmare when their 5-year-old son Oliver disappears from a large celebrating crowd in Northern France.,"Tchéky Karyo, Anastasia Hille, James Nesbitt, Frances OConnor","26,870"
Moneyball,133,"Biography, Drama, Sport",7.6,Oakland As general manager Billy Beanes successful attempt to assemble a baseball team on a lean budget by employing computer-generated analysis to acquire new players.,"Bennett Miller, | ,     Stars:, Brad Pitt, Robin Wright, Jonah Hill, Philip Seymour Hoffman","420,330"
Clusterf**k: Woodstock 99,142,"Documentary, History, Music",7.4,"Woodstock 1969 promised peace and music, but its 99 revival delivered days of rage, riots and real harm. Why did it go so horribly wrong?","Ananda Lewis, Heather, Colin Speir, John Scher","13,986"
Stay Close,375,"Crime, Drama, Mystery",6.9,"The lives of a photojournalist, a soccer mom and a homicide detective are disturbed by a terrible event from the past.","Cush Jumbo, Richard Armitage, Daniel Francis, Jo Joyner","31,279"
Furious 7,137,"Action, Crime, Thriller",7.1,Deckard Shaw seeks revenge against Dominic Toretto and his family for his comatose brother.,"James Wan, | ,     Stars:, Vin Diesel, Paul Walker, Dwayne Johnson, Jason Statham","388,751"
Avatar: The Last Airbender,,"Action, Adventure, Comedy",,"Live-action adaptation of the animated series centering on the adventures of Aang and his friends, who fight to save the world by defeating the Fire-Nation","Tamlyn Tomita, Ken Leung, Daniel Dae Kim, Paul Sun-Hyung Lee",
Top Gear,60,"Adventure, Comedy, Reality-TV",8.7,"The hosts talk about everything car-related. From new cars to how theyre fueled, this show has it all.","Jeremy Clarkson, Richard Hammond, James May, The Stig","118,264"
Lou,107,"Action, Crime, Drama",5.9,"A storm rages. A young girl is kidnapped. Her mother teams up with the mysterious woman next door to pursue the kidnapper, a journey that tests their limits and exposes shocking secrets from their pasts.","Anna Foerster, | ,     Stars:, Allison Janney, Jurnee Smollett, Logan Marshall-Green, Ridley Asha Bateman",880
Lost Ollie,45,"Animation, Adventure, Drama",7.8,"A lost toy, searching across the countryside for the boy who lost him, and the story of the boy who lost more than a best friend.","Jake Johnson, Gina Rodriguez, Kesler Talbot, Jonathan Groff","1,071"
Fatal Attraction,119,"Drama, Thriller",6.9,A married mans one-night stand comes back to haunt him when that lover begins to stalk him and his family.,"Adrian Lyne, | ,     Stars:, Michael Douglas, Glenn Close, Anne Archer, Ellen Latzen","86,764"
Untold: The Girlfriend Who Didnt Exist,124,"Documentary, Biography, Sport",7.2,"From Notre Dame to the NFL, Manti Teos future in football showed promise until a secret online relationship sent his life and career spiraling.","Ryan Duffy, Tony Vainuku, | ,     Stars:Manti Teo, Phil McGraw, Ansa Woo","4,962"
The Lincoln Lawyer,118,"Crime, Drama, Mystery",7.3,A lawyer defending a wealthy man begins to believe his client is guilty of more than just one crime.,"Brad Furman, | ,     Stars:, Matthew McConaughey, Marisa Tomei, Ryan Phillippe, William H. Macy","238,378"
Mighty Morphin Power Rangers,30,"Action, Adventure, Family",6.5,"A team of teenagers with attitude are recruited to save Angel Grove from the evil witch, Rita Repulsa, and later, Lord Zedd, Emperor of all he sees, and their horde of monsters.","Richard Steven Horvitz, David Yost, Ed Neil, David J. Fielding","22,310"
Life of Brian,94,Comedy,8,"Born on the original Christmas in the stable next door to Jesus Christ, Brian of Nazareth spends his life being mistaken for a messiah.","Terry Jones, | ,     Stars:, Graham Chapman, John Cleese, Michael Palin, Terry Gilliam","397,955"
Love Is Blind,48,"Game-Show, Reality-TV, Romance",6.1,"Singles who want to be loved for who they are, rather than what they look like, have signed up for a less conventional approach to modern dating.","Nick Lachey, Vanessa Lachey, Danielle Ruhl, Deepti Vempati","8,099"
The Pentaverate,160,Comedy,6.1,An unlikely Canadian journalist finds himself embroiled in a mission to uncover the truth and just possibly save the world himself.,"Mike Myers, Lydia West, Jeremy Irons, Maria Menounos","9,498"
Doom,105,"Action, Horror, Sci-Fi",5.2,Space Marines are sent to investigate strange events at a research facility on Mars but find themselves at the mercy of genetically enhanced killing machines.,"Andrzej Bartkowiak, | ,     Stars:, Karl Urban, Rosamund Pike, Dwayne Johnson, Deobia Oparei","113,934"
Pan,111,"Action, Adventure, Comedy",5.7,"Twelve-year-old orphan Peter is spirited away to the magical world of Neverland, where he finds both fun and danger, and ultimately discovers his destiny: to become the hero who will be forever known as Peter Pan.","Joe Wright, | ,     Stars:, Levi Miller, Hugh Jackman, Garrett Hedlund, Rooney Mara","64,414"
Crazy Ex-Girlfriend,42,"Comedy, Musical",7.8,"A young woman abandons a choice job at a law firm and her life in New York in an attempt to find happiness in the unlikely locale of West Covina, California.","Rachel Bloom, Donna Lynne Champlin, Vincent Rodriguez III, Pete Gardner","20,397"
A Walk to Remember,101,"Drama, Romance",7.3,"Two North Carolina teens, Landon Carter and Jamie Sullivan, are thrown together after Landon gets into trouble and is sentenced to perform community service.","Adam Shankman, | ,     Stars:, Mandy Moore, Shane West, Peter Coyote, Daryl Hannah","211,211"
Enola Holmes 2,,"Action, Adventure, Crime",,"Now a detective-for-hire, Enola Holmes takes on her first official case to find a missing girl as the sparks of a dangerous conspiracy ignite a mystery that requires the help of friends - and Sherlock himself - to unravel","Harry Bradbeer, | ,     Stars:, Millie Bobby Brown, Henry Cavill, Helena Bonham Carter, David Thewlis",
When Calls the Heart,43,"Drama, History, Romance",7.9,"Elizabeth Thatcher, a young school teacher from a wealthy Eastern family, migrates from the big city to teach school in a small coaling town in the west.","Erin Krakow, Martin Cummins, Pascale Hutton, Jack Wagner","13,133"
Space Force,30,Comedy,6.7,The people tasked with creating a sixth branch of the armed services: The Space Force.,"Steve Carell, John Malkovich, Ben Schwartz, Diana Silvers","64,540"
The Shannara Chronicles,42,"Adventure, Drama, Fantasy",7.1,"Series of adventures, war, and evil that occur throughout the history of the Four Lands.","Austin Butler, Ivana Baquero, Manu Bennett, Aaron Jakubenko","60,428"
Lucy,89,"Action, Sci-Fi, Thriller",6.4,"A woman, accidentally caught in a dark deal, turns the tables on her captors and transforms into a merciless warrior evolved beyond human logic.","Luc Besson, | ,     Stars:, Scarlett Johansson, Morgan Freeman, Choi-sik, Amr Waked","493,047"
Midnight in Paris,94,"Comedy, Fantasy, Romance",7.7,"While on a trip to Paris with his fiancées family, a nostalgic screenwriter finds himself mysteriously going back to the 1920s every day at midnight.","Woody Allen, | ,     Stars:, Owen Wilson, Rachel McAdams, Kathy Bates, Kurt Fuller","422,213"
Contagion,106,"Drama, Thriller",6.8,"Healthcare professionals, government officials and everyday people find themselves in the midst of a pandemic as the CDC works to find a cure.","Steven Soderbergh, | ,     Stars:, Matt Damon, Kate Winslet, Jude Law, Gwyneth Paltrow","303,276"
Project X,88,Comedy,6.6,"Three high-school seniors throw a birthday party to make a name for themselves. As the night progresses, things spiral out of control as word of the party spreads.","Nima Nourizadeh, | ,     Stars:, Thomas Mann, Oliver Cooper, Jonathan Daniel Brown, Dax Flame","210,083"
Cars 3,102,"Animation, Adventure, Comedy",6.7,Lightning McQueen sets out to prove to a new generation of racers that hes still the best race car in the world.,"Brian Fee, | ,     Stars:, Owen Wilson, Cristela Alonzo, Chris Cooper, Nathan Fillion","99,256"
The Alienist,60,"Crime, Drama, Mystery",7.7,Newspaper illustrator John Moore meets with criminal psychologist (alienist) Dr. Laszlo Kreizler to investigate a serial killer in New York during the late 19th century.,"Daniel Brühl, Dakota Fanning, Luke Evans, Robert Wisdom","54,039"
Pokémon,24,"Animation, Action, Adventure",7.5,"Ash Ketchum, his yellow pet Pikachu, and his human friends explore a world of powerful creatures.","Veronica Taylor, Rachael Lillis, Eric Stuart, Ikue Ôtani","42,922"
Wentworth,45,"Crime, Drama, Thriller",8.6,The confronting look into the lives of the inmates and prison staff of Wentworth Correctional Centre as they navigate the ups and downs of their lives in the prison system.,"Kate Atkinson, Katrina Milosevic, Robbie Magasiva, Jacqueline Brennan","22,295"
Knocked Up,129,"Comedy, Romance",6.9,"For fun-loving party animal Ben Stone, the last thing he ever expected was for his one-night stand to show up on his doorstep eight weeks later to tell him shes pregnant with his child.","Judd Apatow, | ,     Stars:, Seth Rogen, Katherine Heigl, Paul Rudd, Leslie Mann","369,484"
I Think You Should Leave with Tim Robinson,16,Comedy,7.9,"In this new sketch show, Tim Robinson and guests spend each segment driving someone to the point of needing -- or desperately wanting -- to leave.","Tim Robinson, Sam Richardson, Patti Harrison, Conner OMalley","12,743"
Ivy & Bean,56,"Action, Comedy, Family",5.9,"Two unlikely friends, the loud and fearless Bean, and the thoughtful and quiet Ivy. Yet the two discover that an adventure can reveal that even seemingly different people can become the best of friends.","Elissa Down, | ,     Stars:, Madison Skye Validum, Hudson Hua, Parker Hua, Keslee Blalock",176
The Fall of the House of Usher,,"Drama, Horror",,"An unnamed narrator approaches the house of Usher on a dull, dark, and soundless day. This house the estate of his boyhood friend, Roderick Usher is gloomy and mysterious.","Carla Gugino, Willa Fitzgerald, Mark Hamill, Kate Siegel",
Robin Hood,116,"Action, Adventure, Drama",5.3,A war-hardened Crusader and his Moorish commander mount an audacious revolt against the corrupt English crown.,"Otto Bathurst, | ,     Stars:, Taron Egerton, Jamie Foxx, Ben Mendelsohn, Eve Hewson","73,741"
Return to Sender,92,"Drama, Thriller",5.1,A nurse living in small town goes on a blind date with a man who is not the person he says he is.,"Fouad Mikati, | ,     Stars:, Rosamund Pike, Shiloh Fernandez, Nick Nolte, Camryn Manheim","13,648"
Kingdom,45,"Action, Drama, Horror",8.3,"While strange rumors about their ill King grip a kingdom, the crown prince becomes their only hope against a mysterious plague overtaking the land.","Ju Ji-Hoon, Bae Doona, Kim Sungkyu, Kim Hye-jun","45,888"
Windfall,92,"Crime, Drama, Thriller",5.7,"A man breaks into a tech billionaires empty vacation home, but things go sideways when the arrogant mogul and his wife arrive for a last-minute getaway.","Charlie McDowell, | ,     Stars:, Jason Segel, Lily Collins, Jesse Plemons, Omar Leyva","22,612"
Hell on Wheels,42,"Drama, Western",8.3,"The Civil War is past, but former Confederate soldier Cullen Bohannon cant put it behind him. Fresh are the memories of the death of his wife, killed at the hands of the Union soldiers, an act that sets him on a course of revenge.","Anson Mount, Colm Meaney, Robin McLeavy, Phil Burke","52,166"
Henry Danger,30,"Action, Comedy, Family",5.6,"Looking for a part-time job, 13-year-old Henry Hart lands the post of sidekick of superhero Captain Man, but he must keep this a secret from his family and friends.","Jace Norman, Cooper Barnes, Riele Downs, Sean Ryan Fox","5,633"
Love and Monsters,109,"Action, Adventure, Comedy",6.9,"Seven years after he survived the monster apocalypse, lovably hapless Joel leaves his cozy underground bunker behind on a quest to reunite with his ex.","Michael Matthews, | ,     Stars:Dylan OBrien, Jessica Henwick, Michael Rooker, Dan Ewing","126,227"
Disenchantment,30,"Animation, Action, Adventure",7.2,"Princess Tiabeanie, Bean, is annoyed at her imminent arranged marriage to Prince Merkimer. Then she meets Luci, a demon, and Elfo, an elf, and things get rather exciting, and dangerous.","Abbi Jacobson, Eric André, Nat Faxon, John DiMaggio","61,178"
Princess Mononoke,134,"Animation, Action, Adventure",8.4,"On a journey to find the cure for a Tatarigamis curse, Ashitaka finds himself in the middle of a war between the forest gods and Tatara, aing colony. In this quest he also meets San, the Mononoke Hime.","Hayao Miyazaki, | ,     Stars:, Yôji Matsuda, Yuriko Ishida, Yûko Tanaka, Billy Crudup","390,689"
The Legend of Korra,23,"Animation, Action, Adventure",8.4,Avatar Korra fights to keep Republic City safe from the evil forces of both the physical and spiritual worlds.,"Janet Varney, P.J. Byrne, David Faustino, J.K. Simmons","120,855"
The Call,112,"Crime, Horror, Mystery",7.1,"Two people live in different times. Seo-Yeon lives in the present and Young-Sook lives in the past. One phone call connects the two, and their lives are changed irrevocably.","Chung-Hyun Lee, | ,     Stars:, Park Shin-Hye, Jeon Jong-seo, Kim Sung-ryung, Lee El","32,424"
Atomic Blonde,115,"Action, Thriller",6.7,An undercover MI6 agent is sent to Berlin during the Cold War to investigate the murder of a fellow agent and recover a missing list of double agents.,"David Leitch, | ,     Stars:, Charlize Theron, James McAvoy, John Goodman, Eddie Marsan","193,383"
Fear Street: Part Two - 1978,109,"Drama, Horror, Mystery",6.7,"Shadyside, 1978. Schools out for summer and the activities at Camp Nightwing are about to begin. But when another Shadysider is possessed with the urge to kill, the fun in the sun becomes a gruesome fight for survival.","Leigh Janiak, | ,     Stars:, Sadie Sink, Emily Rudd, Ryan Simpkins, McCabe Slye","62,722"
Copenhagen Cowboy,,"Crime, Drama",8.5,"A young heroine, Miu who travels through Copenhagens criminal netherworld.","Per Thiim Thim, Ramadan Huseini, Angela Bundalovic, Zlatko Buric",37
The Expendables 2,103,"Action, Adventure, Thriller",6.6,"Mr. Church reunites the Expendables for what should be an easy paycheck, but when one of their men is murdered on the job, their quest for revenge puts them deep in enemy territory and up against an unexpected threat.","Simon West, | ,     Stars:, Sylvester Stallone, Liam Hemsworth, Randy Couture, Jean-Claude Van Damme","307,174"
Indian Predator: The Diary of a Serial Killer,123,"Documentary, Crime, History",6.7,"When a suspect is found in a journalists murder, the case is considered closed until a secret diary suggests 13 more victims and possible cannibalism.",,"1,077"
The Ritual,94,"Horror, Mystery, Thriller",6.3,"A group of old college friends reunite for a trip to a forest in Sweden, Northern Europe, but encounter a menacing presence there stalking them.","David Bruckner, | ,     Stars:, Rafe Spall, Arsher Ali, Robert James-Collier, Sam Troughton","99,253"
When They See Us,296,"Biography, Crime, Drama",8.9,Five teens from Harlem become trapped in a nightmare when theyre falsely accused of a brutal attack in Central Park. Based on the true story.,"Asante Blackk, Caleel Harris, Ethan Herisse, Marquis Rodriguez","119,339"
Sicario: Day of the Soldado,122,"Action, Adventure, Crime",7.1,"The drug war on the U.S.-Mexico border has escalated as the cartels have begun trafficking terrorists across the US border. To fight the war, federal agent Matt Graver re-teams with the mercurial Alejandro.","Stefano Sollima, | ,     Stars:, Benicio Del Toro, Josh Brolin, Isabela Merced, Jeffrey Donovan","147,136"
The Real Housewives of Beverly Hills,44,Reality-TV,5.2,A reality series that follows some of the most affluent women in the country as they enjoy the lavish lifestyle that only Beverly Hills can provide.,"Kyle Richards, Adrienne Maloof, Camille Grammer, Lisa Vanderpump","6,393"
The Emperors New Groove,78,"Animation, Adventure, Comedy",7.4,"Emperor Kuzco is turned into a llama by his ex-administrator Yzma, and must now regain his throne with the help of Pacha, the gentle llama herder.","Mark Dindal, | ,     Stars:, David Spade, John Goodman, Eartha Kitt, Patrick Warburton","203,092"
The Hitmans Bodyguard,118,"Action, Comedy, Crime",6.9,"One of the worlds top bodyguards gets a new client, a world class hitman who must testify at the International Criminal Court. They must put their differences aside and work together to make it to the trial alive and on time.","Patrick Hughes, | ,     Stars:, Ryan Reynolds, Samuel L. Jackson, Gary Oldman, Elodie Yung","230,164"
Monster Hunter,103,"Action, Adventure, Fantasy",5.2,"When Cpt. Artemis and her loyal soldiers are transported to a new world, they engage in a desperate battle for survival against enormous enemies with incredible powers. Feature film based on the video game by Capcom.","Paul W.S. Anderson, | ,     Stars:, Milla Jovovich, Tony Jaa, Ron Perlman, T.I.","58,347"
Between,60,"Drama, Mystery, Sci-Fi",5.9,"After a mysterious disease kills every resident over 22 years old, survivors of a town must fend for themselves when the government quarantines them","Jennette McCurdy, Jesse Carere, Justin Kelly, Kyle Mac","9,252"
The Amazing World of Gumball,11,"Animation, Short, Adventure",8.3,The life of a twelve-year-old boy who happens to be a blue cat as he lives with his family and other strange creatures.,"Dan Russell, Teresa Gallagher, Kerry Shale, Kyla Rae Kowalewski","31,652"
One Piece,,"Action, Adventure, Comedy",,"In a seafaring world, a young pirate captain sets out with his crew to attain the title of Pirate King and to discover the mythical treasure One Piece.","Iñaki Godoy, Emily Rudd, Mackenyu, Stevel Marc",
Geostorm,109,"Action, Sci-Fi, Thriller",5.3,"When the network of satellites designed to control the global climate starts to attack Earth, its a race against the clock for its creator to uncover the real threat before a worldwide Geostorm wipes out everything and everyone.","Dean Devlin, | ,     Stars:, Gerard Butler, Jim Sturgess, Abbie Cornish, Alexandra Maria Lara","108,072"
Metal Lords,97,"Comedy, Music",6.7,Two friends try to form a heavy metal band with a cellist for a Battle of the Bands.,"Peter Sollett, | ,     Stars:, Jaeden Martell, Adrian Greensmith, Isis Hainsworth, Noah Urrea","26,266"
Robin Hood: Prince of Thieves,143,"Action, Adventure, Drama",6.9,Robin Hood decides to fight back as an outlaw when faced with the tyranny of the Sheriff of Nottingham.,"Kevin Reynolds, | ,     Stars:, Kevin Costner, Morgan Freeman, Mary Elizabeth Mastrantonio, Christian Slater","193,725"
Darlings,133,"Comedy, Drama, Thriller",6.6,It follows the lives of two women as they find courage and love in exceptional circumstances.,"Jasmeet K Reen, | ,     Stars:, Alia Bhatt, Shefali Shah, Vijay Varma, Roshan Mathew","16,317"
Steven Universe,11,"Animation, Action, Adventure",8.2,"A team of intergalactic warriors fights to protect the Earth, but the combination of three highly trained beings and one quirky young boy leaves the team struggling to overcome the dangerous scenarios that are put in front of them.","Zach Callison, Deedee Magno, Michaela Dietz, Estelle","33,505"
Hairspray,117,"Comedy, Drama, Musical",6.7,Pleasantly plump teenager Tracy Turnblad teaches 1962 Baltimore a thing or two about integration after landing a spot on a local TV dance show.,"Adam Shankman, | ,     Stars:, John Travolta, Queen Latifah, Nikki Blonsky, Michelle Pfeiffer","130,694"
Escape Room,99,"Action, Adventure, Horror",6.4,Six strangers find themselves in a maze of deadly mystery rooms and must use their wits to survive.,"Adam Robitel, | ,     Stars:, Taylor Russell, Logan Miller, Jay Ellis, Tyler Labine","121,675"
"Extremely Wicked, Shockingly Evil and Vile",110,"Biography, Crime, Drama",6.7,"A chronicle of the crimes of Ted Bundy from the perspective of Liz, his longtime girlfriend, who refused to believe the truth about him for years.","Joe Berlinger, | ,     Stars:, Lily Collins, Zac Efron, Angela Sarafyan, Sydney Vollmer","93,449"
Sweet Tooth,,"Action, Adventure, Drama",7.8,A boy who is half human and half deer survives in a post-apocalyptic world with other hybrids.,"Nonso Anozie, Christian Convery, Aliza Vellani, Adeel Akhtar","51,170"
Into the Badlands,42,"Action, Adventure, Drama",7.9,A mighty warrior and a young boy with supernatural powers search for enlightenment in a ruthless post-apocalyptic America controlled by feudal barons.,"Daniel Wu, Orla Brady, Emily Beecham, Aramis Knight","46,547"
Spartacus: Gods of the Arena,331,"Action, Adventure, Biography",8.5,"In the time before the arrival of Spartacus, the House of Batiatus faces many challenges from competitors, and within its own household.","John Hannah, Manu Bennett, Peter Mensah, Dustin Clare","137,339"
Newness,117,"Drama, Romance",6.3,"In contemporary Los Angeles, two millennials navigating a social media-driven hookup culture begin a relationship that pushes both emotional and physical boundaries.","Drake Doremus, | ,     Stars:, Nicholas Hoult, Laia Costa, Danny Huston, Courtney Eaton","16,901"
Santa Clarita Diet,30,"Comedy, Horror",7.8,"Sheila and Joel are married real estate agents who live and work in Santa Clarita, California. When Sheila dies, their lives take a dark turn.","Drew Barrymore, Timothy Olyphant, Liv Hewson, Skyler Gisondo","67,529"
Maestro,,"Biography, Drama, Music",,"The complex love of Leonard and Felicia, from the time they met in 1946 at a party and continuing through two engagements, a 25 year marriage, and three children.","Bradley Cooper, | ,     Stars:, Maya Hawke, Matt Bomer, Bradley Cooper, Carey Mulligan",
Man vs. Bee,,"Short, Comedy, Family",6.7,"A man finds himself at war with a bee while housesitting a luxurious mansion. Who will win, and what irreparable damage will be done in the process?","Rowan Atkinson, Pino Maiello, Claudie Blakley, Jing Lusi","26,558"
Things Heard & Seen,121,"Drama, Horror, Mystery",5.3,"An artist relocates to the Hudson Valley and begins to suspect that her marriage has a sinister darkness, one that rivals her new homes history.","Shari Springer Berman, Robert Pulcini, | ,     Stars:, Amanda Seyfried, James Norton, Natalia Dyer, Alex Neustaedter","31,421"
Guillermo del Toros Cabinet of Curiosities,,"Drama, Horror, Mystery",,"This anthology of sinister stories is told by some of todays most revered horror creators, including the directors of The Babadook, Splice, Mandy, and many more.","Kevin Keppy, Megan Many, Ish Morris, Ismael Cruz Cordova",
Timeless,60,"Action, Adventure, Drama",7.6,An unlikely trio travel through time in order to battle unknown criminals and protect history as we know it.,"Abigail Spencer, Matt Lanter, Malcolm Barrett, Paterson Joseph","42,921"
Girl in the Picture,101,"Documentary, Crime, Mystery",7.2,"A young mothers mysterious death and her sons subsequent kidnapping blow open a decades-long mystery about the womans true identity, and the murderous federal fugitive at the center of it all.","Skye Borgman, | ,     Stars:, Karen Parsley, Charles Engles, Merle Bean, Ernest Bean","16,008"
Hush,82,"Horror, Thriller",6.6,A deaf and mute writer who retreated into the woods to live a solitary life must fight for her life in silence when a masked killer appears at her window.,"Mike Flanagan, | ,     Stars:, John Gallagher Jr., Kate Siegel, Michael Trucco, Samantha Sloyan","132,650"
Neon Genesis Evangelion,24,"Animation, Action, Drama",8.5,A teenage boy finds himself recruited as a member of an elite team of pilots by his father.,"Megumi Ogata, Megumi Hayashibara, Kotono Mitsuishi, Spike Spencer","68,559"
Waterworld,177,"Action, Adventure, Sci-Fi",6.2,"In a future where the polar ice-caps have melted and Earth is almost entirely submerged, a mutated mariner fights starvation and outlaw smokers, and reluctantly helps a woman and a young girl try to find dry land.","Kevin Reynolds, | ,     Stars:, Kevin Costner, Jeanne Tripplehorn, Dennis Hopper, Tina Majorino","196,460"
The Cuphead Show!,12,"Animation, Short, Action",7.4,Follow the misadventures of the impulsive Cuphead and his cautious but persuadable brother Mugman in this animated series based on the hit video game.,"Tru Valentino, Frank Todaro, Joe Hanna, David Wasson","7,414"
A Perfect Pairing,101,"Comedy, Romance",6.1,It follows a hard-driving LA wine-company executive who travels to an Australian sheep station to land a major client and there she ends up working as a ranch hand and sparking with a rugged local.,"Stuart McDonald, | ,     Stars:, Victoria Justice, Adam Demos, Luca Asta Sardelis, Samantha Cain","11,632"
Kill Bill: Vol. 2,137,"Action, Crime, Thriller",8,"The Bride continues her quest of vengeance against her former boss and lover Bill, the reclusive bouncer Budd, and the treacherous, one-eyed Elle.","Quentin Tarantino, | ,     Stars:, Uma Thurman, David Carradine, Michael Madsen, Daryl Hannah","749,653"
Rampage,107,"Action, Adventure, Sci-Fi",6.1,"When three different animals become infected with a dangerous pathogen, a primatologist and a geneticist team up to stop them from destroying Chicago.","Brad Peyton, | ,     Stars:, Dwayne Johnson, Naomie Harris, Malin Akerman, Jeffrey Dean Morgan","167,170"
Contact,150,"Drama, Mystery, Sci-Fi",7.5,"Dr. Ellie Arroway, after years of searching, finds conclusive radio proof of extraterrestrial intelligence, sending plans for a mysterious machine.","Robert Zemeckis, | ,     Stars:, Jodie Foster, Matthew McConaughey, Tom Skerritt, John Hurt","274,308"
The Woman in the Window,100,"Crime, Drama, Mystery",5.7,"An agoraphobic woman living alone in New York begins spying on her new neighbors, only to witness a disturbing act of violence.","Joe Wright, | ,     Stars:, Amy Adams, Gary Oldman, Anthony Mackie, Fred Hechinger","74,469"
Copshop,107,"Action, Thriller",6.2,"On the run from a lethal assassin, a wily con artist devises a scheme to hide out inside a small-town police station-but when the hitman turns up at the precinct, an unsuspecting rookie cop finds herself caught in the crosshairs.","Joe Carnahan, | ,     Stars:, Gerard Butler, Frank Grillo, Alexis Louder, Toby Huss","30,767"
In the Heart of the Sea,122,"Action, Adventure, Biography",6.9,"A recounting of a New England whaling ships sinking by a giant whale in 1820, an experience that later inspired the great novel Moby-Dick.","Ron Howard, | ,     Stars:, Chris Hemsworth, Cillian Murphy, Brendan Gleeson, Ben Whishaw","139,010"
The Starling,102,"Comedy, Drama",6.3,"After Lilly suffers a loss, a combative Starling takes nest beside her quiet home. The feisty bird taunts and attacks the grief-stricken Lilly. On her journey to expel the Starling, she rediscovers her will to live and capacity for love.","Theodore Melfi, | ,     Stars:, Melissa McCarthy, Chris ODowd, Kevin Kline, Timothy Olyphant","13,097"
Between Two Ferns: The Movie,82,Comedy,6.1,Zach Galifianakis and his oddball crew take a road trip to complete a series of high-profile celebrity interviews.,"Scott Aukerman, | ,     Stars:, Zach Galifianakis, Matthew McConaughey, Rekha Shankar, Olivia Mekdara","32,734"
Aftermath,114,"Drama, Horror, Mystery",5.3,"A young couple struggling to stay together, when they are offered an amazing deal on a home with a questionable past that would normally be beyond their means. In a final attempt to start fresh as a couple they take the deal.","Peter Winther, | ,     Stars:, Ashley Greene, Shawn Ashmore, Jason Liles, Britt Baron","16,046"
White House Down,131,"Action, Drama, Thriller",6.3,"While on a tour of the White House with his young daughter, a Capitol policeman springs into action to save his child and protect the president from a heavily armed group of paramilitary invaders.","Roland Emmerich, | ,     Stars:, Channing Tatum, Jamie Foxx, Maggie Gyllenhaal, Jason Clarke","221,953"
The Dirt,107,"Biography, Comedy, Drama",6.9,"Based on the bestselling autobiography from Mötley Crüe, the film is an unflinching tale of success and excess as four misfits rise from the streets of Hollywood to the heights of international fame.","Jeff Tremaine, | ,     Stars:, Douglas Booth, Iwan Rheon, Colson Baker, Daniel Webber","49,568"
The Post,116,"Biography, Drama, History",7.2,A cover-up spanning four U.S. Presidents pushes the countrys first female newspaper publisher and her editor to join an unprecedented battle between press and government.,"Steven Spielberg, | ,     Stars:, Meryl Streep, Tom Hanks, Sarah Paulson, Bob Odenkirk","150,823"
Luke Cage,55,"Action, Crime, Drama",7.3,"When a sabotaged experiment gives him super strength and unbreakable skin, Luke Cage becomes a fugitive attempting to rebuild his life in Harlem and must confront his past and fight a battle for the heart of his city.","Mike Colter, Simone Missick, Theo Rossi, Alfre Woodard","130,409"
Firefly Lane,,"Drama, Romance",7.4,Tully and Kate support each other through good times and bad with an unbreakable bond that carries them from their teens to their forties.,"Ali Skovbye, Yael Yurman, Brendan Taylor, Katherine Heigl","21,296"
Vincenzo,80,"Action, Comedy, Crime",8.4,"During a visit to his motherland, a Korean-Italian mafia lawyer gives an unrivaled conglomerate a taste of its own medicine with a side of justice.","Song Joong-ki, Jeon Yeo-bin, Taecyeon, Kwak Dong-yeon","17,647"
Pera Palasta Gece Yarisi,45,"Drama, History, Mystery",7.1,"At a historic Istanbul hotel, a journalist is thrust into the past and must stop a plot that could change the fate of modern Turkey.","Hazal Kaya, Tansu Biçer, Selahattin Pasali, James Chalmers","7,982"
I Care a Lot,118,"Comedy, Crime, Drama",6.3,A crooked legal guardian who drains the savings of her elderly wards meets her match when a woman she tries to swindle turns out to be more than she first appears.,"J Blakeson, | ,     Stars:, Rosamund Pike, Peter Dinklage, Eiza González, Dianne Wiest","131,838"
To Kill a Mockingbird,129,"Crime, Drama",8.3,"Atticus Finch, a widowed lawyer in Depression-era Alabama, defends a black man against an undeserved rape charge, and his children against prejudice.","Robert Mulligan, | ,     Stars:, Gregory Peck, John Megna, Frank Overton, Rosemary Murphy","315,380"
Unbreakable Kimmy Schmidt,30,Comedy,7.6,A woman is rescued from a doomsday cult and starts life over again in New York City.,"Ellie Kemper, Jane Krakowski, Tituss Burgess, Carol Kane","72,009"
Munich: The Edge of War,130,"Biography, Drama, History",6.8,"A British diplomat travels to Munich in the run-up to World War II, where a former classmate of his from Oxford is also en route, but is working for the German government.","Christian Schwochow, | ,     Stars:, George MacKay, Jannis Niewöhner, Jeremy Irons, Liv Lisa Fries","29,870"
Kims Convenience,22,Comedy,8.2,The misadventures of a Korean-Canadian family running a convenience store.,"Paul Sun-Hyung Lee, Jean Yoon, Andrea Bang, Simu Liu","18,672"
The Chestnut Man,50,"Crime, Drama, Mystery",7.7,A young woman is found brutally murdered in a playground and one of her hands is missing. Above her hangs a small man made of chestnuts.,"David Dencik, Danica Curcic, Mikkel Boe Følsgaard, Lars Ranthe","44,386"
Security,88,"Action, Crime, Thriller",5.7,A security guard protects an eleven year-old girl who is being targeted by a gang for participating as a trial witness.,"Alain Desrochers, | ,     Stars:, Antonio Banderas, Ben Kingsley, Liam McIntyre, Cung Le","19,286"
Lilo & Stitch,85,"Animation, Adventure, Comedy",7.3,"A young and parentless girl adopts a dog from the local pound, completely unaware that its supposedly a dangerous scientific experiment thats taken refuge on Earth and is now hiding from its creator and those who see it as a menace.","Dean DeBlois, Chris Sanders, | ,     Stars:, Daveigh Chase, Chris Sanders, Tia Carrere, David Ogden Stiers","190,010"
Perfect Blue,81,"Animation, Crime, Drama",8,"A pop singer gives up her career to become an actress, but she slowly goes insane when she starts being stalked by an obsessed fan and what seems to be a ghost of her past.","Satoshi Kon, | ,     Stars:, Junko Iwao, Rica Matsumoto, Shinpachi Tsuji, Masaaki Ôkura","75,641"
The Boondocks,22,"Animation, Action, Comedy",8.5,"Adventures of two boys, Riley and Huey Freeman, who undergo a culture clash when they move from Chicago to the suburbs to live with their grandfather.","Regina King, John Witherspoon, Gary Anthony Williams, Cedric Yarbrough","30,847"
The Firm,154,"Drama, Mystery, Thriller",6.8,A young lawyer joins a prestigious law firm only to discover that it has a sinister dark side.,"Sydney Pollack, | ,     Stars:, Tom Cruise, Jeanne Tripplehorn, Gene Hackman, Hal Holbrook","135,029"
Another Self,50,"Drama, Romance",6.3,Three close friends set off on a journey to Ayvalik and then to their reshaped future.,"Tuba Büyüküstün, Seda Bakan, Boncuk Yilmaz, Murat Boz","3,124"
Mob Psycho 100,24,"Animation, Action, Comedy",8.6,"A psychic middle school boy tries to live a normal life and keep his growing powers under control, even though he constantly gets into trouble.","Setsuo Ito, Takahiro Sakurai, Akio Ôtsuka, Kyle McCarley","30,081"
The Invisible Guest,106,"Crime, Drama, Mystery",8,A successful entrepreneur accused of murder and a witness preparation expert have less than three hours to come up with an impregnable defense.,"Oriol Paulo, | ,     Stars:, Mario Casas, Ana Wagener, Jose Coronado, Bárbara Lennie","174,610"
Glitch,45,"Drama, Horror, Sci-Fi",7.2,Six people return from the dead with no memory and attempt to unveil what brought them to the grave in the first place.,"Patrick Brammall, Emma Booth, Sean Keenan, Hannah Monson","18,276"
Night Teeth,107,"Action, Crime, Drama",5.6,"A college student moonlighting as a chauffeur picks up two mysterious women for a night of party-hopping across LA. But when he uncovers their bloodthirsty intentions - and their dangerous, shadowy underworld - he must fight to stay alive.","Adam Randall, | ,     Stars:, Jorge Lendeborg Jr., Debby Ryan, Lucy Fry, Raúl Castillo","18,285"
Jurassic Park III,92,"Action, Adventure, Sci-Fi",5.9,"A decidedly odd couple with ulterior motives convince Dr. Grant to go to Isla Sorna for a holiday, but their unexpected landing startles the islands new inhabitants.","Joe Johnston, | ,     Stars:, Sam Neill, William H. Macy, Téa Leoni, Alessandro Nivola","321,937"
Bad Teacher,92,"Comedy, Romance",5.6,"A lazy, incompetent middle school teacher who hates her job, her students, and her co-workers is forced to return to teaching to make enough money for breast implants after her wealthy fiancé dumps her.","Jake Kasdan, | ,     Stars:, Cameron Diaz, Jason Segel, Justin Timberlake, Lucy Punch","203,437"
The Snowman,119,"Crime, Drama, Thriller",5.1,Detective Harry Hole investigates the disappearance of a woman whose scarf is found wrapped around an ominous-looking snowman.,"Tomas Alfredson, | ,     Stars:, Michael Fassbender, Rebecca Ferguson, Charlotte Gainsbourg, Jonas Karlsson","64,629"
Fuller House,30,"Comedy, Family",6.7,"In a continuation of Full House (1987), D.J. Fuller is a mother of three young boys and is a recent widow. D.J.s sister Stephanie, her best friend Kimmy and Kimmys teenage daughter all move in to help raise her sons. The house is now a lot fuller.","Jodie Sweetin, Fox Messitt, Candace Cameron Bure, Andrea Barber","27,643"
The Kissing Booth,105,"Comedy, Romance",5.9,A high school student is forced to confront her secret crush at a kissing booth.,"Vince Marcello, | ,     Stars:, Joey King, Jacob Elordi, Joel Courtney, Megan du Plessis","83,980"
No One Gets Out Alive,87,"Drama, Horror, Mystery",5.3,"After being forced to take a room in a boardinghouse, an immigrant in search of the American Dream finds herself in a nightmare she cant escape.","Santiago Menghini, | ,     Stars:, Phil Robertson, Joana Borja, Victoria Alcock, Cristina Rodlo","15,996"
Ludik,60,"Crime, Drama",5.4,"To save a kidnapped family member, an enterprising furniture tycoon must use his secret diamond smuggling operation to transport guns across the border.","Pieter Vorster, Vikash Mathura, Arnold Vosloo, Lea Vivier",412
Conan the Barbarian,113,"Action, Adventure, Fantasy",5.1,A vengeful barbarian warrior sets off to get his revenge on the evil warlord who attacked his village and murdered his father when he was a boy.,"Marcus Nispel, | ,     Stars:, Jason Momoa, Ron Perlman, Rose McGowan, Stephen Lang","99,364"
Troll,,"Action, Adventure, Fantasy",,"Deep in the Dovre mountain, something gigantic wakes up after a thousand years in captivity. The creature destroys everything in its path and quickly approaches Oslo.","Roar Uthaug, | ,     Stars:, Ine Marie Wilmann, Kim Falck, Mads Sjøgård Pettersen, Gard B. Eidsvold",
The Weekend Away,89,"Crime, Drama, Mystery",5.6,"A weekend getaway to Croatia that goes awry when a woman is accused of killing her best friend. As she attempts to clear her name and uncover the truth, her efforts unearth a painful secret.","Kim Farrant, | ,     Stars:, Leighton Meester, Christina Wolfe, Ziad Bakri, Luke Norris","23,932"
1922,102,"Crime, Drama, Horror",6.2,"A simple yet proud farmer in the year 1922 conspires to murder his wife for financial gain, convincing his teenage son to assist. But their actions have unintended consequences.","Zak Hilditch, | ,     Stars:, Thomas Jane, Molly Parker, Dylan Schmid, Kaitlyn Bernard","63,582"
A Jazzmans Blues,127,Drama,6,"Follows an investigation into an unsolved murder unveiling a story full of forbidden love, deceit and a secret.","Tyler Perry, | ,     Stars:, Joshua Boone, Amirah Vann, Solea Pfeiffer, Austin Scott",189
Ash vs Evil Dead,30,"Action, Comedy, Fantasy",8.4,"Ash has spent the last thirty years avoiding responsibility, maturity, and the terrors of the Evil Dead until a Deadite plague threatens to destroy all of mankind and Ash becomes mankinds only hope.","Bruce Campbell, Ray Santiago, Dana DeLorenzo, Lucy Lawless","73,097"
The Fate of the Furious,136,"Action, Crime, Thriller",6.6,"When a mysterious woman seduces Dominic Toretto into the world of terrorism and a betrayal of those closest to him, the crew face trials that will test them as never before.","F. Gary Gray, | ,     Stars:, Vin Diesel, Jason Statham, Dwayne Johnson, Michelle Rodriguez","231,142"
Warrior Nun,,"Action, Drama, Fantasy",6.9,"After waking up in a morgue, an orphaned teen discovers she now possesses superpowers as the chosen Halo Bearer for a secret sect of demon-hunting nuns.","Alba Baptista, Toya Turner, Kristina Tonteri-Young, Lorena Andrea","31,190"
Kingdom,43,"Drama, Sport",8.5,A retired MMA fighter turned trainer juggles keeping his mixed martial arts gym running and keeping his family united.,"Frank Grillo, Kiele Sanchez, Matt Lauria, Jonathan Tucker","18,196"
Versailles,52,"Biography, Drama, History",7.9,"In 1667, 28-year-old all-powerful king of France, Louis XIV, decides to build the greatest palace in the world - Versailles. But drained budget, affairs and political intrigues complicate things.","George Blagden, Alexander Vlahos, Tygh Runyan, Stuart Bowman","16,726"
Code Geass,24,"Animation, Action, Drama",8.7,"After being given a mysterious power to control others, an outcast prince becomes the masked leader of the rebellion against an all-powerful empire.","Jun Fukuyama, Takahiro Sakurai, Johnny Yong Bosch, Yukana","67,510"
My Neighbor Totoro,86,"Animation, Comedy, Family",8.1,"When two girls move to the country to be near their ailing mother, they have adventures with the wondrous forest spirits who live nearby.","Hayao Miyazaki, | ,     Stars:, Hitoshi Takagi, Noriko Hidaka, Chika Sakamoto, Shigesato Itoi","335,557"
Green Room,95,"Crime, Drama, Horror",7,A punk rock band is forced to fight for survival after witnessing a murder at a neo-Nazi skinhead bar.,"Jeremy Saulnier, | ,     Stars:, Anton Yelchin, Imogen Poots, Alia Shawkat, Patrick Stewart","123,286"
The Last Dance,491,"Documentary, Biography, History",9.1,"Charting the rise of the 1990s Chicago Bulls, led by Michael Jordan, one of the most notable dynasties in sports history.","Michael Jordan, Phil Jackson, Scottie Pippen, David Aldridge","119,768"
Serendipity,90,"Comedy, Romance",6.8,"A couple search for each other years after the night they first met, fell in love, and separated, convinced that one day theyd end up together.","Peter Chelsom, | ,     Stars:, John Cusack, Kate Beckinsale, Jeremy Piven, Bridget Moynahan","113,554"
Blue Mountain State,22,"Comedy, Sport",8.3,"Three incoming freshmen attending Midwestern college football powerhouse Blue Mountain State must quickly adapt to college life and juggle football, girls, classes and nonstop hazing.","Darin Brooks, Alan Ritchson, Chris Romano, Ed Marinaro","53,845"
Black Summer,40,"Action, Drama, Horror",6.5,"In the dark, early days of a zombie apocalypse, complete strangers band together to find the strength they need to survive and get back to loved ones.","Jaime King, Justin Chu Cary, Christine Lee, Zoe Marlett","29,824"
127 Hours,94,"Biography, Drama",7.6,"A mountain climber becomes trapped under a boulder while canyoneering alone near Moab, Utah and resorts to desperate measures in order to survive.","Danny Boyle, | ,     Stars:, James Franco, Amber Tamblyn, Kate Mara, Sean Bott","375,723"
The Founder,115,"Biography, Drama",7.2,"The story of Ray Kroc, a salesman who turned two brothers innovative fast food eatery, McDonalds, into the biggest restaurant business in the world, with a combination of ambition, persistence, and ruthlessness.","John Lee Hancock, | ,     Stars:, Michael Keaton, Nick Offerman, John Carroll Lynch, Linda Cardellini","150,116"
Black Crab,114,"Action, Adventure, Drama",5.6,"In a post-apocalyptic world, six soldiers on a covert mission must transport a mysterious package across a frozen archipelago. Noomi Rapace stars.","Adam Berg, | ,     Stars:, Noomi Rapace, Jakob Oftebro, Dar Salim, Erik Enge","20,283"
12 Monkeys,42,"Adventure, Drama, Mystery",7.7,Follows the journey of a time traveler from the post-apocalyptic future who appears in present day on a mission to locate and eradicate the source of a deadly plague that will nearly destroy the human race.,"Aaron Stanford, Amanda Schull, Noah Bean, Barbara Sukowa","44,864"
Extraction 2,,"Action, Thriller",,Sequel to the 2020 action thriller Extraction.,"Sam Hargrave, | ,     Stars:, Chris Hemsworth, Golshifteh Farahani, Tinatin Dalakishvili, Justin Howell",
Murder Mystery,97,"Action, Comedy, Crime",6,"A New York cop and his wife go on a European vacation to reinvigorate the spark in their marriage, but end up getting framed and on the run for the death of an elderly billionaire.","Kyle Newacheck, | ,     Stars:, Adam Sandler, Jennifer Aniston, Luke Evans, Terence Stamp","127,206"
Dota: Dragons Blood,25,"Animation, Action, Adventure",7.8,"After encounters with a dragon and a princess on her own mission, a Dragon Knight becomes embroiled in events larger than he could have ever imagined.","Yuri Lowenthal, Lara Pulver, Troy Baker, Freya Tingley","19,110"
Havoc,,"Action, Thriller",,"The story is set after a drug deal gone wrong, when a bruised detective must fight his way through a criminal underworld to rescue a politicians estranged son, while unraveling a deep web ...                See full summary »","Gareth Evans, | ,     Stars:, Tom Hardy, Timothy Olyphant, Forest Whitaker, Jill Winternitz",
The Defenders,50,"Action, Adventure, Crime",7.2,"Set a few months after the events of the second season of Daredevil, and a month after the events of Iron Fist, the vigilantes Daredevil, Jessica Jones, Luke Cage, and Iron Fist team up in New York City to fight a common enemy: The Hand.","Charlie Cox, Krysten Ritter, Mike Colter, Finn Jones","106,814"
Manhunt,60,"Biography, Crime, Drama",8.1,"An in-depth look at how an FBI profiler helped track down the terrorist Ted Kaczynski, the Unabomber.","Gethin Anthony, Arliss Howard, Kelly Jenrette, Cameron Britton","59,078"
Hunt for the Wilderpeople,101,"Adventure, Comedy, Drama",7.8,A national manhunt is ordered for a rebellious kid and his foster uncle who go missing in the wild New Zealand bush.,"Taika Waititi, | ,     Stars:, Sam Neill, Julian Dennison, Rima Te Wiata, Rachel House","130,345"
What Happened to Monday,123,"Action, Crime, Fantasy",6.8,"In a world where families are limited to one child due to overpopulation, a set of identical septuplets must avoid being put to a long sleep by the government and dangerous infighting while investigating the disappearance of one of their own.","Tommy Wirkola, | ,     Stars:, Noomi Rapace, Glenn Close, Willem Dafoe, Marwan Kenzari","122,876"
Kate,106,"Action, Adventure, Crime",6.2,A jaded assassin assigned to target a yakuza clan has 24 hours to find out who poisoned her and get vengeance before she dies.,"Cedric Nicolas-Troyan, | ,     Stars:, Mary Elizabeth Winstead, Woody Harrelson, Miku Patricia Martineau, Tadanobu Asano","61,030"
The Client,119,"Crime, Drama, Mystery",6.7,A young boy who witnessed the suicide of a mafia lawyer hires an attorney to protect him when the District Attorney tries to use him to take down a mob family.,"Joel Schumacher, | ,     Stars:, Susan Sarandon, Tommy Lee Jones, Brad Renfro, Mary-Louise Parker","66,825"
As Good as It Gets,139,"Comedy, Drama, Romance",7.7,"A single mother and waitress, a misanthropic author, and a gay artist form an unlikely friendship after the artist is assaulted in a robbery.","James L. Brooks, | ,     Stars:, Jack Nicholson, Helen Hunt, Greg Kinnear, Cuba Gooding Jr.","298,034"
Below Deck,43,Reality-TV,7.4,Follows the crew of a multi million dollar charter boat in the Caribbean.,"Lee Rosbach, Kate Chastain, Eddie Lucas, Ben Robinson","3,541"
The Mitchells vs the Machines,114,"Animation, Adventure, Comedy",7.6,"A quirky, dysfunctional familys road trip is upended when they find themselves in the middle of the robot apocalypse and suddenly become humanitys unlikeliest last hope.","Michael Rianda, Jeff Rowe, | ,     Stars:, Abbi Jacobson, Danny McBride, Maya Rudolph, Michael Rianda","106,685"
300: Rise of an Empire,102,"Action, Drama",6.2,"Greek general Themistocles of Athens leads the naval charge against invading Persian forces led by mortal-turned-god Xerxes and Artemisia, vengeful commander of the Persian navy.","Noam Murro, | ,     Stars:, Sullivan Stapleton, Eva Green, Lena Headey, Hans Matheson","300,895"
Against the Ice,102,"Adventure, Drama, History",6.5,"In 1909, two explorers fight to survive after theyre left behind while on a Denmark expedition in ice-covered Greenland.","Peter Flinth, | ,     Stars:, Nikolaj Coster-Waldau, Joe Cole, Heida Reed, Þorsteinn Bachmann","21,943"
Maniac,386,"Comedy, Drama, Sci-Fi",7.7,"Two strangers are drawn to a mysterious pharmaceutical trial for a drug that will, theyre assured, with no complications or side-effects whatsoever, solve all of their problems permanently. Things do not go as planned.","Emma Stone, Jonah Hill, Sonoya Mizuno, Justin Theroux","78,151"
Clark,362,"Action, Comedy, Crime",7.4,"This is the incredible story behind Swedens most notorious gangster, Clark Olofsson, whose infamous crimes gave rise to the term Stockholm Syndrome.","Bill Skarsgård, Vilhelm Blomgren, Sandra Ilar, Hanna Björn","9,365"
The A-Team,117,"Action, Adventure, Thriller",6.7,"A group of Iraq War veterans look to clear their name with the U.S. Military, who suspect the four men of committing a crime for which they were framed.","Joe Carnahan, | ,     Stars:, Liam Neeson, Bradley Cooper, Sharlto Copley, Jessica Biel","258,955"
The Danish Girl,119,"Biography, Drama, Romance",7.1,A fictitious love story loosely inspired by the lives of Danish artists Lili Elbe and Gerda Wegener. Lili and Gerdas marriage and work evolve as they navigate Lilis groundbreaking journey as a transgender pioneer.,"Tom Hooper, | ,     Stars:, Eddie Redmayne, Alicia Vikander, Amber Heard, Ben Whishaw","185,277"
Deliver Us from Evil,118,"Action, Adventure, Crime",6.2,"New York police officer Ralph Sarchie investigates a series of crimes. He joins forces with an unconventional priest, schooled in the rites of exorcism, to combat the possessions that are terrorizing their city.","Scott Derrickson, | ,     Stars:, Eric Bana, Edgar Ramírez, Olivia Munn, Chris Coy","77,685"
Escape Room: Tournament of Champions,88,"Action, Adventure, Horror",5.7,"Six people unwillingly find themselves locked in another series of escape rooms, slowly uncovering what they have in common to survive. Joining forces with two of the original survivors, they soon discover theyve all played the game before.","Adam Robitel, | ,     Stars:, Taylor Russell, Logan Miller, Deborah Ann Woll, Thomas Cocquerel","44,400"
Jeepers Creepers III,100,Horror,3.9,Sheriff Dan Tashtego and a team of creeper hunters enlist the help of officer Davis Tubbs to help stop the monsters eating spree.,"Victor Salva, | ,     Stars:, Stan Shaw, Gabrielle Haugh, Brandon Smith, Meg Foster","22,397"
The Order,60,"Drama, Fantasy, Horror",6.7,"Out to avenge his mothers death, a college student pledges to a secret order and lands in a war between werewolves and practitioners of dark magic.","Jake Manley, Sarah Grey, Adam DiMarco, Louriza Tronco","28,610"
Intrusion,92,"Drama, Thriller",5.2,"A woman moves to a small town with her husband, but is rattled when she is targeted for a home invasion.","Adam Salky, | ,     Stars:, Freida Pinto, Logan Marshall-Green, Robert John Burke, Megan Elisabeth Kelly","17,071"
Who Killed Sara?,40,"Crime, Drama, Mystery",6.4,"Hell-bent on exacting revenge and proving he was framed for his sisters murder, Álex sets out to unearth much more than the crimes real culprit.","Manolo Cardona, Ginés García Millán, Carolina Miranda, Eugenio Siller","14,316"
Fractured,99,Thriller,6.4,"A couple stops at a gas station, where their 6 y.o. daughters arm is fractured. They hurry to a hospital. Something strange is going on there. The wife and daughter go missing.","Brad Anderson, | ,     Stars:, Sam Worthington, Lily Rabe, Lucy Capri, Adjoa Andoh","74,728"
The Secret Life of Pets,87,"Animation, Adventure, Comedy",6.5,"The quiet life of a terrier named Max is upended when his owner takes in Duke, a stray whom Max instantly dislikes.","Chris Renaud, | ,     Stars:, Louis C.K., Eric Stonestreet, Kevin Hart, Lake Bell","201,790"
Jurassic World: Camp Cretaceous,24,"Animation, Action, Adventure",7.5,Six teens attending an adventure camp on the opposite side of Isla Nublar must band together to survive when dinosaurs wreak havoc on the island.,"Paul-Mikél Williams, Kausar Mohammed, Raini Rodriguez, Jenna Ortega","8,774"
Brazen,94,"Crime, Drama, Mystery",4.1,"When her sister is killed and her double life as a webcam performer is revealed, Grace ignores the warnings of a cool-headed detective and gets involved in the case.","Monika Mitchell, | ,     Stars:, Alyssa Milano, Sam Page, Malachi Weir, Emilie Ullerup","12,120"
Love,50,"Comedy, Drama, Romance",7.7,"A program that follows a couple who must navigate the exhilarations and humiliations of intimacy, commitment, and other things they were hoping to avoid.","Gillian Jacobs, Paul Rust, Claudia ODoherty, Mike Mitchell","42,755"
Spartacus,197,"Adventure, Biography, Drama",7.9,"The slave Spartacus survives brutal training as a gladiator and leads a violent revolt against the decadent Roman Republic, as the ambitious Crassus seeks to gain power by crushing the uprising.","Stanley Kubrick, | ,     Stars:, Kirk Douglas, Laurence Olivier, Jean Simmons, Charles Laughton","134,933"
Bee & Puppycat: Lazy in Space,,Animation,8.7,The second season of beloved web series Bee and PuppyCat after a nearly five near break. The season picks back up the cheerful 22-year old Bee and intergalactic space warrior for a set of adventures.,"Alexander James Rodriguez, Allyn Rachel, Ashly Burch, Kent Osborne",163
Under the Dome,43,"Drama, Mystery, Sci-Fi",6.5,"An invisible and mysterious force field descends upon a small actual town of Chesters Mill, Maine, USA, trapping residents inside, cut off from the rest of civilization. The trapped townspeople must discover the secrets and purpose of the dome or sphere and its origins, while coming to learn more than they ever knew about each other and animals too.","Mike Vogel, Rachelle Lefevre, Alexander Koch, Colin Ford","106,485"
Rebecca,123,"Drama, Mystery, Romance",6,"A young newlywed arrives at her husbands imposing family estate on a windswept English coast and finds herself battling the shadow of his first wife, Rebecca, whose legacy lives on in the house long after her death.","Ben Wheatley, | ,     Stars:, Lily James, Armie Hammer, Kristin Scott Thomas, Keeley Hawes","41,997"
Fantasy Island,109,"Fantasy, Horror, Mystery",4.9,"When the owner and operator of a luxurious island invites a collection of guests to live out their most elaborate fantasies in relative seclusion, chaos quickly descends.","Jeff Wadlow, | ,     Stars:, Michael Peña, Maggie Q, Lucy Hale, Austin Stowell","52,319"
The Witcher: Blood Origin,,"Action, Adventure, Drama",,"Prequel to the Netflix series The Witcher, set in an elven world 1,200 years before the show, centering on the origins of the very first Witcher.","Lenny Henry, Michelle Yeoh, Sophia Brown, Dylan Moran",
Utopia,50,"Drama, Mystery, Sci-Fi",8.4,"After a group of people, who meet online, discover a bizarre graphic novel which seems to hold mysterious answers, they find themselves being tracked down by a merciless organization known merely as The Network.","Adeel Akhtar, Paul Higgins, Neil Maskell, Fiona OShaughnessy","46,783"
The Bad Batch,118,"Action, Horror, Mystery",5.2,"In a desert dystopia, a young woman is kidnapped by cannibals.","Ana Lily Amirpour, | ,     Stars:, Suki Waterhouse, Jason Momoa, Jayda Fink, Keanu Reeves","31,725"
Marco Polo,60,"Action, Adventure, Drama",8,"In a world replete with greed, betrayal, sexual intrigue and rivalryMarco Polo is based on the famed explorers adventures in Kublai Khans court in 13th century Mongolia.","Lorenzo Richelmy, Benedict Wong, Joan Chen, Remy Hii","72,672"
The Killer,,"Action, Crime, Drama",,"An assassin begins to psychologically crack as he develops a conscience, even as his clients continue to demand his skills.","David Fincher, | ,     Stars:, Tilda Swinton, Michael Fassbender, Charles Parnell, Sala Baker",
Locke,85,Drama,7.1,"Ivan Locke, a dedicated family man and successful construction manager, receives a phone call on the eve of the biggest challenge of his career that sets in motion a series of events that threaten his carefully cultivated existence.","Steven Knight, | ,     Stars:, Tom Hardy, Olivia Colman, Ruth Wilson, Andrew Scott","150,008"
Below Zero,106,"Action, Adventure, Crime",6.2,"On a lonely road, a prison transport is brutally assaulted. Martin, the policeman who was driving, survives and fortifies his position while the con men search for a way to finish him.","Lluís Quílez, | ,     Stars:, Javier Gutiérrez, Karra Elejalde, Luis Callejo, Andrés Gertrúdix","19,509"
Insatiable,45,"Comedy, Drama, Thriller",6.5,"A disgraced, dissatisfied civil lawyer-turned-beauty pageant coach takes on a vengeful, bullied teenager as his client and has no idea what hes about to unleash upon the world.","Dallas Roberts, Debby Ryan, Christopher Gorham, Kimmy Shields","28,595"
Tekken: Bloodline,,"Animation, Action, Adventure",6.7,Follow Jin Kazama and his fight to become one of the best fighters in the King of the Iron Fist tournament.,"Kaiji Tang, S. Hiroshi Watanabe, Toshiyuki Morikawa, Isshin Chiba","3,330"
Our Man from Jersey,,"Action, Thriller",,"Mike, a down-to-earth construction worker from Jersey, is quickly thrust into the world of super spies and secret agents when his high school ex-girlfriend Roxanne recruits him on a high-stakes US intelligence mission.","Julian Farino, | ,     Stars:, Mark Wahlberg, Halle Berry, J.K. Simmons, Jackie Earle Haley",
First Kill,60,"Drama, Horror, Mystery",6.4,"Falling in love is tricky for teens Juliette and Calliope: Ones a vampire, the others a vampire hunter and both are ready to make their first kill.","Sarah Catherine Hook, Imani Lewis, Elizabeth Mitchell, Aubin Wise","25,843"
The Festival of Troubadours,102,Drama,5.9,An unexpected reunion between a traveling musician and his son opens old wounds as the two set out on a long journey to a troubadour festival,"Özcan Alper, | ,     Stars:, Kivanç Tatlitug, Settar Tanriögen, Çinar Babiz, Erkan Bektas","1,733"
Family Secrets,50,"Comedy, Drama, Romance",5.9,A couples wedding day threatens to turn disastrous when they begin to unravel a web of secrets and lies that connects their two families.,"Eliza Rycembel, Izabela Kuna, Malgorzata Mikolajczak, Piotr Pacek",333
Awakenings,121,"Biography, Drama",7.8,"The victims of an encephalitis epidemic many years ago have been catatonic ever since, but now a new drug offers the prospect of reviving them.","Penny Marshall, | ,     Stars:, Robert De Niro, Robin Williams, Julie Kavner, Ruth Nelson","141,037"
Fullmetal Alchemist: The Revenge of Scar,125,"Action, Adventure, Fantasy",5.3,"When a mysterious figure starts to target State Alchemists for their sins against God, Alchemist Edward Elric and his brother Alphonse are at their most vulnerable, meanwhile the homunculi begin to unveil themselves once again.","Fumihiko Sori, | ,     Stars:, Ryôsuke Yamada, Tsubasa Honda, Dean Fujioka, Misako Renbutsu","1,238"
The Kominsky Method,30,"Comedy, Drama",8.2,"An aging actor, who long ago enjoyed a brush with fame, makes his living as an acting coach.","Michael Douglas, Sarah Baker, Graham Rogers, Melissa Tang","39,741"
I Am a Killer,52,"Documentary, Crime",7.4,"Follows Death Row inmates, who tell the story of how they ended up there.","Swaylee Loughnane, Reece Putinas, David Galea, James Robertson","4,287"
The Trial of the Chicago 7,129,"Drama, History, Thriller",7.7,"The story of 7 people on trial stemming from various charges surrounding the uprising at the 1968 Democratic National Convention in Chicago, Illinois.","Aaron Sorkin, | ,     Stars:, Eddie Redmayne, Alex Sharp, Sacha Baron Cohen, Jeremy Strong","175,568"
Slasher,60,"Crime, Drama, Horror",6.7,An anthology series featuring rampaging serial killers leaving carnage in their wake as their next victims fight to stay alive.,"Christopher Jacot, Paula Brancati, Joanne Vannicola, Dean McDermott","14,543"
Ragnarok,45,"Action, Drama, Fantasy",7.5,A small Norwegian town experiencing warm winters and violent downpours seems to be headed for Ragnarok -- unless someone intervenes in time.,"David Stakston, Jonas Strand Gravli, Herman Tømmeraas, Theresa Frostad Eggesbø","37,517"
Triple Frontier,125,"Action, Thriller",6.4,"Loyalties are tested when five friends and former special forces operatives reunite to take down a South American drug lord, unleashing a chain of unintended consequences.","J.C. Chandor, | ,     Stars:, Ben Affleck, Oscar Isaac, Charlie Hunnam, Garrett Hedlund","128,044"
Lord of War,122,"Crime, Drama",7.6,An arms dealer confronts the morality of his work as he is being chased by an INTERPOL Agent.,"Andrew Niccol, | ,     Stars:, Nicolas Cage, Ethan Hawke, Jared Leto, Bridget Moynahan","316,908"
Planet of the Apes,112,"Adventure, Sci-Fi",8,"An astronaut crew crash-lands on a planet in the distant future where intelligent talking apes are the dominant species, and humans are the oppressed and enslaved.","Franklin J. Schaffner, | ,     Stars:, Charlton Heston, Roddy McDowall, Kim Hunter, Maurice Evans","179,986"
The Society,58,"Drama, Mystery, Sci-Fi",7.1,"When everyone else mysteriously vanishes from their wealthy town, the teen residents of West Ham must forge their own society to survive.","Kathryn Newton, Gideon Adlon, Sean Berdy, Natasha Liu Bordizzo","29,809"
Noah,138,"Action, Adventure, Drama",5.8,Noah is chosen by God to undertake a momentous mission before an apocalyptic flood cleanses the world.,"Darren Aronofsky, | ,     Stars:, Russell Crowe, Jennifer Connelly, Anthony Hopkins, Emma Watson","255,168"
Hachi: A Dogs Tale,93,"Biography, Drama, Family",8.1,A college professor bonds with an abandoned dog he takes into his home.,"Lasse Hallström, | ,     Stars:, Richard Gere, Joan Allen, Cary-Hiroyuki Tagawa, Sarah Roemer","283,263"
Frontier,60,"Adventure, Drama, History",7.1,"Follows Declan Harp, a half-Irish/half Cree Native-Canadian outlaw who is campaigning to breach the Hudsons Bay Companys monopoly on the fur trade in Canada.","Jason Momoa, Landon Liboiron, Zoe Boyle, Greg Bryk","21,360"
Gunpowder Milkshake,114,"Action, Crime, Thriller",6,Three generations of women fight back against those who could take everything from them.,"Navot Papushado, | ,     Stars:, Karen Gillan, Lena Headey, Carla Gugino, Michelle Yeoh","43,839"
Athena,99,"Action, Drama, Thriller",7,"Hours after the tragic death of their youngest brother in unexplained circumstances, three siblings have their lives thrown into chaos.","Romain Gavras, | ,     Stars:, Dali Benssalah, Sami Slimane, Anthony Bajon, Ouassini Embarek",579
The Office Blind Date,60,"Comedy, Drama, Romance",8.1,"In disguise as her friend, Ha-ri shows up to a blind date to scare him away. But plans go awry when he turns out to be her CEO - and makes a proposal.","Ahn Hyo-Seop, Se-Jeong Kim, Min-Kyu Kim, Seol In-ah","9,892"
Enders Game,114,"Action, Adventure, Sci-Fi",6.6,"Young Ender Wiggin is recruited by the International Military to lead the fight against the Formics, an insectoid alien race who had previously tried to invade Earth and had inflicted heavy losses on humankind.","Gavin Hood, | ,     Stars:, Harrison Ford, Asa Butterfield, Hailee Steinfeld, Abigail Breslin","240,470"
Gods Favorite Idiot,30,"Comedy, Fantasy",5.7,A tech-support employee becomes the unwitting messenger of God.,"Melissa McCarthy, Ben Falcone, Usman Ally, Ana Scotney","5,384"
Choose or Die,84,"Drama, Horror, Thriller",4.7,"After firing up a lost 1980s survival horror game, a young coder unleashes a hidden curse that tears reality apart, forcing her to make terrifying decisions and face deadly consequences.","Toby Meakins, | ,     Stars:, Iola Evans, Asa Butterfield, Robert Englund, Angela Griffin","20,030"
Moesha,30,"Comedy, Drama, Family",5.8,A teenager struggles to come to terms with everything life throws at her.,"Brandy Norwood, William Allen Young, Marcus T. Paulk, Lamont Bentley","3,798"
Dirty John,44,"Crime, Drama",7.2,Anthology series in which each season is based on a true crime story featuring an epic tale of love gone wrong.,"Connie Britton, Christian Slater, Eric Bana, Amanda Peet","21,809"
Unorthodox,53,Drama,8,Story of a young ultra-Orthodox Jewish woman who flees her arranged marriage and religious community to start a new life abroad.,"Shira Haas, Amit Rahav, Jeff Wilbusch, Alex Reid","78,975"
Indian Predator: The Butcher of Delhi,125,"Documentary, Crime, History",6,"Uncovering the details of gruesome killings, people who were at the epicentre talk about what went down.","Altaf Hussain, Manjit Singh, Jitendra Sharma, Sanjay Bansal","2,058"
Rango,107,"Animation, Action, Adventure",7.2,"Rango is an ordinary chameleon who accidentally winds up in the town of Dirt, a lawless outpost in the Wild West in desperate need of a new sheriff.","Gore Verbinski, | ,     Stars:, Johnny Depp, Isla Fisher, Timothy Olyphant, Abigail Breslin","264,146"
To All the Boys Ive Loved Before,99,"Comedy, Drama, Romance",7,A teenage girls secret love letters are exposed and wreak havoc on her love life.,"Susan Johnson, | ,     Stars:, Lana Condor, Noah Centineo, Janel Parrish, Anna Cathcart","107,043"
Diorama,99,Romance,5.2,"It follows Frida and Björns love story, from passion to marriage to family life, from a scientific perspective.","Tuva Novotny, | ,     Stars:, Claes Bang, Gustav Lindh, David Dencik, Pia Tjelta",205
Hannah Montana,23,"Comedy, Family, Music",5.2,Adventures of a teenage pop star who keeps her identity secret from even her closest friends by using a disguise on-stage.,"Miley Cyrus, Emily Osment, Jason Earles, Billy Ray Cyrus","40,470"
His House,93,"Drama, Horror, Thriller",6.5,"A refugee couple makes a harrowing escape from war-torn South Sudan, but then they struggle to adjust to their new life in an English town that has an evil lurking beneath the surface.","Remi Weekes, | ,     Stars:, Sope Dirisu, Wunmi Mosaku, Malaika Wakoli-Abigaba, Matt Smith","41,196"
Youre Next,95,"Horror, Thriller",6.5,"When the Davison family comes under attack during their wedding anniversary getaway, the gang of mysterious killers soon learns that one of the victims harbors a secret talent for fighting back.","Adam Wingard, | ,     Stars:, Sharni Vinson, Joe Swanberg, AJ Bowen, Nicholas Tucci","99,371"
Seoul Vibe,138,"Action, Comedy, Crime",5.5,The drivers of the Sanggye-dong Supreme Team become mired in the slush fund investigation of a powerful person on the very day of the 1988 Seoul Olympics opening ceremony.,"Hyun-Sung Moon, | ,     Stars:, Yoo Ah-in, Go Kyung-Pyo, Andrew Grace, Soomin Chun","1,224"
Spy Kids,88,"Action, Adventure, Comedy",5.6,"Using high tech gadgets, two kids have to save their reactivated OSS top spy parents when theyre taken by an evil, high tech enemy.","Robert Rodriguez, | ,     Stars:, Alexa PenaVega, Daryl Sabara, Antonio Banderas, Carla Gugino","117,739"
I Am Not Okay with This,30,"Comedy, Drama, Fantasy",7.5,"Sydney is a teenage girl navigating the trials and tribulations of high school while dealing with the complexities of her family, her budding sexuality, and mysterious superpowers just beginning to awaken deep within her.","Sophia Lillis, Wyatt Oleff, Sofia Bryant, Kathleen Rose Perkins","60,738"
Young Royals,50,"Drama, Romance",8.3,"Prince Wilhelm adjusts to life at his prestigious new boarding school, Hillerska, but following his heart proves more challenging than anticipated.","Edvin Ryding, Omar Rudberg, Malte Gårdinger, Nikita Uggla","30,076"
Flashdance,95,"Drama, Music, Romance",6.2,A Pittsburgh woman with two jobs as a welder and an exotic dancer wants to get into ballet school.,"Adrian Lyne, | ,     Stars:, Jennifer Beals, Michael Nouri, Lilia Skala, Sunny Johnson","53,738"
Eurovision Song Contest: The Story of Fire Saga,123,"Comedy, Musical",6.5,"When aspiring musicians Lars and Sigrit are given the opportunity to represent their country at the worlds biggest song competition, they finally have a chance to prove that any dream worth having is a dream worth fighting for.","David Dobkin, | ,     Stars:, Will Ferrell, Rachel McAdams, Dan Stevens, Mikael Persbrandt","93,701"
Gangubai Kathiawadi,152,"Biography, Crime, Drama",7,"Duped and sold to a brothel, a young woman fearlessly reclaims her power, using underworld connections to preside over the world she was once a pawn in.","Sanjay Leela Bhansali, | ,     Stars:, Alia Bhatt, Shantanu Maheshwari, Vijay Raaz, Indira Tiwari","54,207"
Brand New Cherry Flavor,342,"Drama, Horror, Mystery",7.1,"Lisa Nova, an aspiring film director in the sun-drenched but seamy world of 1990 Los Angeles, embarks on ad-altering journey of supernatural revenge that gets nightmarishly out of control.","Rosa Salazar, Catherine Keener, Eric Lange, Jeff Ward","15,476"
Impractical Jokers,30,"Comedy, Reality-TV",8.6,"Q, Sal, Joe and Murr are real-life best friends who love challenging each other to the most outrageous dares and stunts ever caught on hidden camera.","James Murray, Brian Quinn, Sal Vulcano, Joe Gatto","40,287"
Haikyu!!,24,"Animation, Comedy, Drama",8.7,"Determined to be like the volleyball championships star player nicknamed the small giant, Shoyo joins his schools volleyball club.","Ayumu Murase, Kaito Ishikawa, Yu Hayashi, Satoshi Hino","24,721"
Its Okay to Not Be Okay,80,"Comedy, Drama, Romance",8.6,An extraordinary road to emotional healing opens up for an selfish antisocial childrens book writer and a selfless psych ward caretaker when they cross paths.,"Kim Soo-hyun, Seo Ye-Ji, Oh Jeong-Se, Park Gyuyoung","23,471"
Theres Someone Inside Your House,96,"Horror, Mystery, Thriller",4.8,"The graduating class at Osborne High is being targeted by a masked assailant, intent on exposing the darkest secret of each victim, and only a group of misfit outsiders can stop the killings.","Patrick Brice, | ,     Stars:, Sydney Park, Théodore Pellerin, Asjha Cooper, Dale Whibley","16,059"
Sweet Home,52,"Drama, Fantasy, Horror",7.3,"Hyun, a loner high school student who lost his entire family in a terrible accident, is forced to leave his home and has to face a new reality where monsters are trying to wipe out all of humanity. Now he must fight against all odds to try and race against the clock to save what is left of the human race before its too late.","Song Kang, Lee Jin-Wook, Lee Si-young, Lee Do-Hyun","21,055"
The Dictator,83,Comedy,6.4,The heroic story of a dictator who risked his life to ensure that democracy would never come to the country he so lovingly oppressed.,"Larry Charles, | ,     Stars:, Sacha Baron Cohen, Anna Faris, John C. Reilly, Ben Kingsley","305,686"
Peppa Pig,9,"Animation, Adventure, Comedy",6.3,A little pig named Peppa and her little brother George have journeys everyday with their family and friends.,"John Sparkes, Richard Ridings, Morwenna Banks, Oliver May","5,171"
Love Hard,104,"Comedy, Romance",6.3,"An LA girl, unlucky in love, falls for an East Coast guy on a dating app and decides to surprise him for the holidays, only to discover that shes been catfished. This lighthearted romantic comedy chronicles her attempt to reel in love.","Hernan Jimenez, | ,     Stars:, Nina Dobrev, Jimmy O. Yang, Darren Barnet, James Saito","50,967"
Hometown Cha-Cha-Cha,70,"Comedy, Romance",8.4,"A big-city dentist opens up a practice in a close-knit seaside village, home to a charming jack-of-all-trades who is her polar opposite in every way.","Shin-a, Kim Seon-Ho, Gina Su, Lee Bong-ryun","12,059"
The Tourist,103,"Action, Thriller",6,"Revolves around Frank, an American tourist visiting Italy to mend a broken heart. Elise is an extraordinary woman who deliberately crosses his path.","Florian Henckel von Donnersmarck, | ,     Stars:, Johnny Depp, Angelina Jolie, Paul Bettany, Timothy Dalton","243,244"
Teen Titans Go!,10,"Animation, Short, Action",5.4,"Superhero roommates Robin, Cyborg, Starfire, Raven and Beast Boy love saving the day, but what happens when theyre done fighting crime?","Greg Cipes, Khary Payton, Scott Menville, Tara Strong","21,432"
Set It Up,105,"Comedy, Romance",6.5,Two corporate executive assistants hatch a plan to match-make their two bosses.,"Claire Scanlon, | ,     Stars:, Zoey Deutch, Glen Powell, Lucy Liu, Taye Diggs","53,464"
Happy!,60,"Action, Comedy, Crime",8.1,An injured hitman befriends his kidnapped daughters imaginary friend; a perky blue flying unicorn.,"Christopher Meloni, Ritchie Coster, Lili Mirojnick, Patton Oswalt","38,841"
Home Team,95,"Comedy, Sport",6,"The story about New Orleans Saints head coach Sean Payton coaching his sons 6th grade football team, when Payton was suspended for the entire 2012 season as a result of his role in the Saints Bountygate scandal.","Charles Kinnane, Daniel Kinnane, | ,     Stars:, Kevin James, Taylor Lautner, Rob Schneider, Jackie Sandler","18,459"
H2O: Just Add Water,23,"Drama, Family, Fantasy",7.2,Three girls become mermaids after a mysterious island transforms them and gives them special powers.,"Cariba Heine, Phoebe Tonkin, Angus McLaren, Burgess Abernethy","15,477"
Bill & Ted Face the Music,91,"Adventure, Comedy, Music",5.9,"Once told theyd save the universe during a time-traveling adventure, 2 would-be rockers from San Dimas, California find themselves as middle-aged dads still trying to crank out a hit song and fulfill their destiny.","Dean Parisot, | ,     Stars:, Keanu Reeves, Alex Winter, Kristen Schaal, Samara Weaving","46,881"
Untitled Kanye West Documentary,93,"Documentary, Music",8.6,"Kanye hustles to establish his voice at the label. When a car crash and broken jaw threaten it all, the unstoppable artist turns pain into platinum.","Coodie, Chike Ozah, | ,     Stars:, Ye, Kevin Bacon, Yasiin Bey, Big V","1,041"
Scream: The TV Series,45,"Comedy, Crime, Drama",7.1,A serialized anthology series that follows a group of teenagers being targeted by a masked serial killer.,"Willa Fitzgerald, Bex Taylor-Klaus, John Karna, Carlson Young","41,077"
Z Nation,44,"Action, Comedy, Drama",6.7,"Three years after the zombie virus has gutted the United States of America a team of everyday heroes must transport the only known survivor of the plague from New York to California, where the last functioning viral lab waits for his blood.","Russell Hodgkinson, Nat Zang, Keith Allan, Kellita Smith","36,710"
Escape Plan,115,"Action, Thriller",6.7,"When a structural-security authority finds himself set up and incarcerated in the worlds most secret and secure prison, he has to use his skills to escape with help from the inside.","Mikael Håfström, | ,     Stars:, Sylvester Stallone, Arnold Schwarzenegger, 50 Cent, Vincent DOnofrio","242,838"
Hellbound,150,"Crime, Drama, Fantasy",6.6,"People hear predictions on when they will die. When that time comes, a death angel appears in front of them and kills them.","Yoo Ah-in, Kim Hyun-joo, Jeong Park, Jin-ah Won","23,866"
Mank,131,"Biography, Comedy, Drama",6.8,1930s Hollywood is re-evaluated through the eyes of scathing social critic and alcoholic screenwriter Herman J. Mankiewicz as he races to finish the screenplay of Citizen Kane (1941).,"David Fincher, | ,     Stars:, Gary Oldman, Amanda Seyfried, Lily Collins, Tom Pelphrey","74,186"
Sacred Games,50,"Action, Crime, Drama",8.5,"A link in their pasts leads an honest cop to a fugitive gang boss, whose cryptic warning spurs the officer on a quest to save Mumbai from cataclysm.","Saif Ali Khan, Nawazuddin Siddiqui, Neeraj Kabi, Elnaaz Norouzi","87,403"
In the Shadow of the Moon,115,"Action, Crime, Mystery",6.2,A Philadelphia police officer struggles with a lifelong obsession to track down a mysterious serial killer whose crimes defy explanation.,"Jim Mickle, | ,     Stars:, Boyd Holbrook, Cleopatra Coleman, Bokeem Woodbine, Michael C. Hall","53,157"
Are You Afraid of the Dark?,30,"Drama, Fantasy, Horror",8.2,"A group of teenagers get together in the woods, and tell ghost stories.","Ross Hull, Daniel DeSanto, Raine Pare-Coull, Jodie Resther","15,062"
News of the World,118,"Action, Adventure, Drama",6.8,"A Civil War veteran agrees to deliver a girl, taken by the Kiowa people years ago, to her aunt and uncle, against her will. They travel hundreds of miles and face grave dangers as they search for a place that either can call home.","Paul Greengrass, | ,     Stars:, Tom Hanks, Helena Zengel, Tom Astor, Travis Johnson","86,396"
The Meyerowitz Stories,112,"Comedy, Drama",6.9,An estranged family gathers together in New York City for an event celebrating the artistic work of their father.,"Noah Baumbach, | ,     Stars:, Adam Sandler, Grace Van Patten, Dustin Hoffman, Elizabeth Marvel","49,217"
The Windsors,30,Comedy,7.1,Comedy soap opera re-imagining the lives of the British Royal Family as you have never seen them before.,"Celeste Dring, Louise Ford, Hugh Skinner, Ellie White","2,783"
Hemlock Grove,46,"Drama, Fantasy, Horror",7,"Secrets are just part of daily life in the small Pennsylvania town of Hemlock Grove, where the darkest evils hide in plain sight.","Famke Janssen, Bill Skarsgård, Landon Liboiron, Joel de la Fuente","40,283"
The Mauritanian,129,"Biography, Drama, Thriller",7.4,Mohamedou Ould Slahi fights for freedom after being detained and imprisoned without charge by the U.S. Government for years.,"Kevin Macdonald, | ,     Stars:, Tahar Rahim, Nouhe Hamady Bari, Saadna Hamoud, Mohamed Yeslem Mousse","51,115"
Royalteen,107,"Drama, Romance",5.3,"Follows prince Karl Johan and newcomer Lena, who have feelings for each other but are aware that their relationship might put them in an impossible situation, while he has to carry a nation on his shoulders, she carries lies on hers.","Per-Olav Sørensen, Emilie Beck, | ,     Stars:, Ines Høysæter Asserson, Mathias Storhøi, Elli Rhiannon Müller Osborne, Veslemøy Mørkrid","1,566"
Kota Factory,45,"Comedy, Drama",9.1,"Dedicated to Shrimati SL Loney ji, Shri Irodov ji and Maanniya HC Verma ji, Kota Factory is TVFs latest original. Indias first Black and White show highlights the problems present day IIT-JEE aspirants face in their day-to-day lives.","Mayur More, Jitendra Kumar, Ranjan Raj, Alam Khan","71,138"
Honest Thief,99,"Action, Thriller",6,"Wanting to lead an honest life, a notorious bank robber turns himself in, only to be double-crossed by two ruthless FBI agents.","Mark Williams, | ,     Stars:, Liam Neeson, Kate Walsh, Jai Courtney, Jeffrey Donovan","50,172"
How It Ends,113,"Action, Drama, Mystery",5,"In the midst of an apocalypse, a man struggles to reach his pregnant wife, who is thousands of miles away.","David M. Rosenthal, | ,     Stars:, Theo James, Kat Graham, Nancy Sorel, Nicole Ari Parker","53,299"
Triple 9,115,"Action, Crime, Thriller",6.3,A gang of criminals and corrupt cops plan the murder of a police officer in order to pull off their biggest heist yet across town.,"John Hillcoat, | ,     Stars:, Casey Affleck, Chiwetel Ejiofor, Anthony Mackie, Aaron Paul","72,474"
Too Hot to Handle,40,"Game-Show, Reality-TV, Romance",4.7,"On the shores of paradise, gorgeous singles meet andgle. But theres a twist. To win a $100,000 grand prize, theyll have to give up sex.","Desiree Burch, Melinda Melrose, Carly Lawrence, Chase de Moor","12,484"
Pain Hustlers,,"Crime, Drama",,Liza dreams of a better life for her and her daughter so she gets a job at a bankrupt pharmacy and Lizas guts catapult the company and her into the high life not knowing that she will soon be in the middle of a criminal conspiracy.,"David Yates, | ,     Stars:, Chris Evans, Emily Blunt, Catherine OHara, Andy Garcia",
My Name,50,"Action, Crime, Drama",7.8,The story about a woman who joins an organized crime ring and infiltrates the police as an undercover agent in order to find out the truth about her fathers death.,"Hee-soon Park, Ahn Bo-Hyun, Han So-hee, Kim Sang-Ho","20,967"
Parallel Mothers,123,Drama,7.1,The story of two mothers who bond in unexpected way after giving birth the same day.,"Pedro Almodóvar, | ,     Stars:, Penélope Cruz, Milena Smit, Israel Elejalde, Aitana Sánchez-Gijón","28,112"
Clickbait,368,"Crime, Drama, Mystery",7.2,"When family man Nick Brewer is abducted in a crime with a sinister online twist, those closest to him race to uncover who is behind it and why.","Zoe Kazan, Betty Gabriel, Phoenix Raei, Adrian Grenier","52,589"
The Little Mermaid,85,"Adventure, Drama, Fantasy",4.2,A young reporter and his niece discover a beautiful and enchanting creature they believe to be the real little mermaid.,"Blake Harris, Chris Bouchard, | ,     Stars:, William Moseley, Poppy Drayton, Loreto Peralta, Armando Gutierrez","9,050"
The Innocent,467,"Crime, Drama, Mystery",7.8,"An accidental killing leads a man down a dark hole of intrigue and murder. Just as he finds love and freedom, one phone call brings back the nightmare.","Mario Casas, Xavi Sáez, Santi Pons, Sam Feuer","30,505"
Till Death,88,Thriller,5.8,"A woman is left handcuffed to her dead husband as part of a sick revenge plot. Unable to unshackle, she has to survive as two killers arrive to finish her off.","S.K. Dale, | ,     Stars:, Megan Fox, Eoin Macken, Callan Mulvey, Jack Roth","21,221"
Criminal: UK,43,"Crime, Drama, Mystery",7.6,"A cat-and-mouse drama, which focuses on the intense mental conflict between detectives and suspects. The stories take place within the confines of a police interview suite.","Katherine Kelly, Lee Ingleby, Rochenda Sandall, Shubham Saraf","18,693"
Master of None,30,"Comedy, Drama",8.2,"The personal and professional life of Dev, a 30-year-old actor in New York.","Aziz Ansari, Eric Wareheim, Lena Waithe, Noël Wells","73,214"
Knightfall,60,"Action, Adventure, Drama",6.8,A look at the final days of the Knights Templar during the 14th century.,"Tom Cullen, Pádraic Delaney, Simon Merrells, Julian Ovenden","20,356"
The Babysitter: Killer Queen,101,"Comedy, Horror",5.8,"Two years after Cole survived a satanic blood cult, hes living another nightmare: high school. And the demons from his past? Still making his life hell.","McG, | ,     Stars:, Judah Lewis, Samara Weaving, Jenna Ortega, Emily Alyn Lind","39,725"
The Kings Affection,,"Drama, Romance",7.9,"The story is set during the Joseon Dynasty when twins were considered an ominous sign. When the Crown Princess Consort gives birth to twins, an order is sent to kill the daughter. To save her, she is secretly sent out of the palace.","Park Eun-bin, Kim Ro Woon, Nam Yoon-Su, Byungchan","3,202"
Easy,30,Comedy,6.9,"Intertwined groups of friends in Chicago fumble through the modern maze of love, sex, technology and culture.","Michael Chernus, Jane Adams, Elizabeth Reaser, Jacqueline Toboni","13,814"
Party of Five,60,"Drama, Family",6.8,Five siblings raise each other following their parents untimely deaths.,"Matthew Fox, Scott Wolf, Neve Campbell, Lacey Chabert","10,431"
Living with Yourself,26,"Comedy, Drama, Sci-Fi",7.2,"An existential comedy about a man struggling in life who undergoes a new treatment to become a better person, only to find that hes been replaced by a new and improved version of himself.","Paul Rudd, Aisling Bea, Ali Akbar Sepahi, Desmin Borges","31,253"
The Last Letter from Your Lover,110,"Drama, Romance",6.7,A pair of interwoven stories set in the past and present follow an ambitious journalist determined to solve the mystery of a forbidden love affair at the center of a trove of secret love letters from 1965.,"Augustine Frizzell, | ,     Stars:, Shailene Woodley, Joe Alwyn, Wendy Nottingham, Felicity Jones","17,875"
Jupiters Legacy,56,"Action, Adventure, Drama",6.7,"The first generation of superheroes has kept the world safe for nearly a century. Now their children must live up to their legacy in an epic drama that spans decades and navigates the dynamics of family, power and loyalty.","Josh Duhamel, Ben Daniels, Leslie Bibb, Andrew Horton","38,387"
Tokyo Revengers,24,"Animation, Action, Drama",8.1,"Hanagaki Takemichi lives an unsatisfying life right up until his death. Waking up 12 years in the past, he reckons with the eventual fate of his friends and tries to prevent an unfortunate future.","Griffin Puatu, Darren OHare, Tatsuhisa Suzuki, Yu Hayashi","15,752"
Sword Art Online,24,"Animation, Action, Adventure",7.6,"In the year 2022, thousands of people get trapped in a new virtual MMORPG and the lone wolf player, Kirito, works to escape.","Yoshitsugu Matsuoka, Haruka Tomatsu, Bryce Papenbrook, Cherami Leigh","45,397"
Okja,120,"Action, Adventure, Drama",7.3,"A young girl risks everything to prevent a powerful, multinational company from kidnapping her best friend - a fascinating beast named Okja.","Bong Joon Ho, | ,     Stars:, Tilda Swinton, Paul Dano, Seo-hyun Ahn, Jake Gyllenhaal","121,183"
Another Life,43,"Adventure, Drama, Mystery",5.2,Astronaut Niko Breckenridge and her young crew face unimaginable danger as they go on a high-risk mission to explore the genesis of an alien artifact.,"Katee Sackhoff, Samuel Anderson, A.J. Rivera, JayR Tinaco","35,855"
The Musketeers,55,"Adventure, Drama",7.8,Set on the streets of 17th-century ParisThe Musketeers gives a contemporary take on the classic story about a group of highly trained soldiers and bodyguards assigned to protect King and country.,"Luke Pasqualino, Tom Burke, Santiago Cabrera, Howard Charles","22,376"
MILF,101,Comedy,4.8,Three best friends in their forties start a relationship with younger men while on vacation.,"Axelle Laffont, | ,     Stars:, Marie-Josée Croze, Virginie Ledoyen, Axelle Laffont, Waël Sersoub","6,369"
Steins;Gate,24,"Animation, Comedy, Drama",8.8,"After discovering time travel, a university student and his colleagues must use their knowledge of it to stop an evil organization and their diabolical plans.","Mamoru Miyano, Asami Imai, Kana Hanazawa, Ashly Burch","61,150"
Roma,135,Drama,7.7,A year in the life of a middle-class familys maid in Mexico City in the early 1970s.,"Alfonso Cuarón, | ,     Stars:, Yalitza Aparicio, Marina de Tavira, Diego Cortina Autrey, Carlos Peralta","157,396"
The Thundermans,23,"Action, Comedy, Drama",5.6,"These siblings with superpowers might be twins, but they are very different indeed.","Kira Kosarin, Jack Griffo, Addison Riecke, Diego Velazquez","5,668"
Homefront,100,"Action, Crime, Thriller",6.5,"A former DEA agent moves his family to a quiet town, where he soon tangles with a local meth druglord.","Gary Fleder, | ,     Stars:, Jason Statham, James Franco, Winona Ryder, Kate Bosworth","120,729"
The Politician,42,"Comedy, Drama",7.5,"Payton Hobart, a student from Santa Barbara, has known since age seven that hes going to be President of the United States. But first hell have to navigate the most treacherous political landscape of all: Saint Sebastian High School.","Ben Platt, Zoey Deutch, Lucy Boynton, Julia Schlaepfer","22,532"
The Guernsey Literary and Potato Peel Pie Society,124,"Drama, Romance, War",7.3,"In the aftermath of World War II, a writer forms an unexpected bond with the residents of Guernsey Island when she decides to write a book about their experiences during the war.","Mike Newell, | ,     Stars:, Jessica Brown Findlay, Tom Courtenay, Michiel Huisman, Katherine Parkinson","46,544"
Cosmos: A Spacetime Odyssey,557,Documentary,9.3,An exploration of our discovery of the laws of nature and coordinates in space and time.,"Neil deGrasse Tyson, Christopher Emerson, Keythe Farley, Piotr Michael","121,400"
The Hand of God,130,Drama,7.3,"In 1980s Naples, young Fabietto pursues his love for football as family tragedy strikes, shaping his uncertain but promising future as a filmmaker.","Paolo Sorrentino, | ,     Stars:, Filippo Scotti, Toni Servillo, Teresa Saponangelo, Marlon Joubert","41,588"
The Dig,112,"Biography, Drama, History",7.1,An archaeologist embarks on the historically important excavation of Sutton Hoo in 1938.,"Simon Stone, | ,     Stars:, Carey Mulligan, Ralph Fiennes, Lily James, Johnny Flynn","74,270"
The Ten Commandments,220,"Adventure, Drama, Family",7.9,"Moses, raised as a prince of Egypt in the Pharaohs household, learns of his true heritage as a Hebrew and his divine mission as the deliverer of his people from slavery.","Cecil B. DeMille, | ,     Stars:, Charlton Heston, Yul Brynner, Anne Baxter, Edward G. Robinson","71,119"
Hotel Mumbai,123,"Action, Drama, History",7.6,The true story of the Taj Hotel terrorist attack in Mumbai. Hotel staff risk their lives to keep everyone safe as people make unthinkable sacrifices to protect themselves and their families.,"Anthony Maras, | ,     Stars:, Dev Patel, Armie Hammer, Nazanin Boniadi, Anupam Kher","63,979"
Southpaw,124,"Action, Crime, Drama",7.3,"After a fatal incident sends him on a rampant path of destruction, a champion boxer fights to get custody of his daughter and revive his professional career.","Antoine Fuqua, | ,     Stars:, Jake Gyllenhaal, Rachel McAdams, Oona Laurence, Forest Whitaker","236,533"
Safe,356,"Crime, Drama, Mystery",7.2,"After his teenage daughter goes missing, a widowed surgeon begins uncovering dark secrets of the people closest to him.","Michael C. Hall, Amy James-Kelly, Amanda Abbington, Freddie Thorp","43,443"
Twenty Five Twenty One,70,"Drama, Romance",8.6,"In a time when dreams seem out of reach, a teen fencer pursues big ambitions and meets a hardworking young man who seeks to rebuild his life.","Nam Joo-hyuk, Kim Ji-yeon, Choi Hyun-wook, Lee Joo-myung","6,849"
Young Guns II,104,"Action, Western",6.5,"In 1881, cattle baron John Chisum pays a bounty to Patrick Floyd Garrett to kill outlaw Billy the Kid.","Geoff Murphy, | ,     Stars:, Emilio Estevez, Kiefer Sutherland, Lou Diamond Phillips, Christian Slater","36,404"
Flower of Evil,70,"Crime, Mystery, Romance",8.7,"Flower of Evil is a suspense melodrama about a man who hides his cruel past and changes his identity, while his detective wife tracks down his past.","Lee Joon-Gi, Moon Chae-Won, Seo Hyun-woo, Choi Dae-hoon","7,700"
Maggie,95,"Drama, Horror, Sci-Fi",5.6,"A teenage girl in the Midwest becomes infected by an outbreak of a disease that slowly turns the infected into cannibalistic zombies. During her transformation, her loving father stays by her side.","Henry Hobson, | ,     Stars:, Arnold Schwarzenegger, Abigail Breslin, Joely Richardson, Laura Cayouette","44,549"
Once Upon a Small Town,,"Drama, Romance",8.5,"A city veterinarian moves to the countryside where he meets a policewoman, a town insider with a friendly secret.","Young Woo Chu, Jung Suk-yong, Na Chul, Baek Sung-Chul",104
Salem,60,"Drama, Fantasy, Horror",7.1,Supernatural horror loosely based on Salems 17th century witch trials.,"Janet Montgomery, Shane West, Seth Gabel, Tamzin Merchant","23,955"
Revenge,108,"Action, Horror, Thriller",6.4,"Never take your mistress on an annual guys getaway, especially one devoted to hunting - a violent lesson for three wealthy married men.","Coralie Fargeat, | ,     Stars:, Matilda Anna Ingrid Lutz, Kevin Janssens, Vincent Colombe, Guillaume Bouchède","43,575"
Pixels,105,"Action, Comedy, Fantasy",5.6,"When aliens misinterpret video feeds of classic arcade games as a declaration of war, they attack the Earth in the form of the video games.","Chris Columbus, | ,     Stars:, Adam Sandler, Kevin James, Michelle Monaghan, Peter Dinklage","144,672"
Step Up,104,"Crime, Drama, Music",6.5,"Tyler Gage receives the opportunity of a lifetime after vandalizing a performing arts school, gaining him the chance to earn a scholarship and dance with an up and coming dancer, Nora.","Anne Fletcher, | ,     Stars:, Channing Tatum, Jenna Dewan, Damaine Radcliff, DeShawn Washington","119,288"
She,,"Crime, Drama",6.4,An undercover assignment to expose a drug ring becomes a timid Mumbai constables road to empowerment as she realizes her dormant sexualitys potential.,"Aditi Sudhir Pohankar, Vishwas Kini, Shivani Rangole, Dawood Khan","5,390"
Guardian: The Lonely and Great God,120,"Comedy, Drama, Fantasy",8.6,"In his quest for a bride to break his immortal curse, Dokkaebi, a 939-year-old guardian of souls, meets a grim reaper and a sprightly student with a tragic past.","Gong Yoo, Kim Go-eun, Lee Dong-Wook, Yoo In-Na","20,760"
Pose,60,Drama,8.6,"In the New York of the late 80s and early 90s, this is a story of ball culture and the gay and trans community, the raging AIDS crisis, and capitalism.","Michaela Jaé (MJ) Rodriguez, Dominique Jackson, Indya Moore, Angel Bismark Curiel","29,019"
Tommy Boy,97,"Adventure, Comedy",7.1,"After his auto-parts tycoon father dies, the overweight, underachieving son teams up with a snide accountant to try and save the family business.","Peter Segal, | ,     Stars:, Chris Farley, David Spade, Brian Dennehy, Bo Derek","87,921"
ZeroZeroZero,60,"Crime, Drama, Thriller",8.2,"A cocaine shipment makes its way to Europe, starting from the moment a powerful cartel of Italian criminals decides to buy it, to its journeys through Mexico, to its shipment across the Atlantic Ocean.","Andrea Riseborough, Dane DeHaan, Giuseppe De Domenico, Harold Torres","25,048"
Gypsy,51,"Drama, Thriller",6.8,Therapist Jean Holloway becomes too immersed in the lives of her patients.,"Naomi Watts, Billy Crudup, Sophie Cookson, Karl Glusman","16,552"
The Challenge,60,"Adventure, Game-Show, Reality-TV",7.8,Reality television alumni and others compete to win cash prizes.,"T.J. Lavin, Chris C.T. TamburelloJohnny Bananas Devenanzio, Aneesa Ferreira","3,454"
I Am All Girls,107,"Crime, Drama, Mystery",5.9,A special crimes investigator forms an unlikely bond with a serial killer to bring down a global child sex trafficking syndicate.,"Donovan Marsh, | ,     Stars:, Erica Wessels, Hlubi Mboya, Leshego Molokwane, Nomvelo Makhanya","6,139"
Dark Places,113,"Crime, Drama, Mystery",6.2,"Libby Day was only eight years old when her family was brutally murdered in their rural Kansas farmhouse. Almost thirty years later, she reluctantly agrees to revisit the crime and uncovers the wrenching truths that led up to that tragic night.","Gilles Paquet-Brenner, | ,     Stars:, Charlize Theron, Nicholas Hoult, Christina Hendricks, Chloë Grace Moretz","45,465"
Mushoku Tensei: Jobless Reincarnation,24,"Animation, Action, Adventure",8.4,"A 34-year-old Japanese NEET is run over by a speeding truck and dies. Before he knows it, he is reborn as Rudeus Greyrat, and begins a new life full of adventure.","Yumi Uchiyama, Tomokazu Sugita, Amber Lee Connors, Ai Kakuma","10,155"
Jaws 2,116,"Adventure, Horror, Thriller",5.8,Police chief Brody must protect the citizens of Amity after a second monstrous shark begins terrorizing the waters.,"Jeannot Szwarc, | ,     Stars:, Roy Scheider, Lorraine Gary, Murray Hamilton, Joseph Mascolo","78,737"
Hollywood,347,"Drama, History",7.5,A group of aspiring actors and filmmakers in post-World War II Hollywood try to make it big - no matter the cost.,"David Corenswet, Darren Criss, Laura Harrier, Joe Mantello","36,652"
Kaguya-sama: Love is War,24,"Animation, Comedy, Romance",8.6,The proudly privileged top two students of an elite school each makes it their mission to be the first to extract a confession of love from the other.,"Aoi Koga, Makoto Furukawa, Konomi Kohara, Yutaka Aoyama","13,237"
Jamtara: Sabka Number Ayega,29,Crime,7.3,"A group of small-town young men run a lucrative phishing operation, until a corrupt politician wants in on their scheme -- and a cop wants to fight it.","Amit Sial, Sparsh Srivastav, Monika Panwar, Anshuman Pushkar","6,557"
Running with the Devil: The Wild World of John McAfee,105,"Documentary, Crime",5.9,Life and death of software pioneer John McAfee who developed the software: McAfee Antivirus.,"Charlie Russell, | ,     Stars:, Dean Barrow, Rocco Castoro, Neil Cavuto, Janice Dyson","2,551"
Blood Red Sky,121,"Action, Adventure, Drama",6.1,A woman with a mysterious illness is forced into action when a group of terrorists attempt to hijack a transatlantic overnight flight.,"Peter Thorwarth, | ,     Stars:, Peri Baumeister, Carl Anton Koch, Alexander Scheer, Kais Setti","48,309"
Selling Sunset,30,Reality-TV,6.5,The elite real estate brokers at The Oppenheim Group sell the luxe life to affluent buyers in LA. The drama ramps up when a new agent joins the team.,"Mary Fitzgerald, Chrishell Stause, Christine Quinn, Brett Oppenheim","6,584"
The Lucky One,101,"Drama, Mystery, Romance",6.4,A Marine travels to Louisiana after serving three tours in Iraq and searches for the unknown woman he believes was his good luck charm during the war.,"Scott Hicks, | ,     Stars:, Zac Efron, Taylor Schilling, Blythe Danner, Riley Thomas Stewart","108,807"
F Is for Family,30,"Animation, Comedy, Drama",8,"Follow the Murphy family back to the 1970s, when kids roamed wild, beer flowed freely and nothing came between a man and his TV.","Bill Burr, Laura Dern, Justin Long, Debi Derryberry","37,225"
Stowaway,116,"Adventure, Sci-Fi, Thriller",5.6,A three-person crew on a mission to Mars faces an impossible choice when an unplanned passenger jeopardizes the lives of everyone on board.,"Joe Penna, | ,     Stars:, Anna Kendrick, Daniel Dae Kim, Shamier Anderson, Toni Collette","46,158"
Dirk Gentlys Holistic Detective Agency,60,"Action, Adventure, Comedy",8.2,Holistic detective Dirk Gently investigates cases involving the supernatural.,"Samuel Barnett, Elijah Wood, Hannah Marks, Jade Eshete","51,064"
Formula 1: Drive to Survive,40,"Documentary, Sport",8.6,Docuseries following the FIA Formula One World Championship across multiple seasons.,"Will Buxton, Jack Nicholls, Lewis Hamilton, Charles Leclerc","39,632"
Apostle,130,"Drama, Fantasy, Horror",6.3,"In 1905, a drifter on a dangerous mission to rescue his kidnapped sister tangles with a sinister religious cult on an isolated island.","Gareth Evans, | ,     Stars:, Dan Stevens, Richard Elfyn, Paul Higgins, Bill Milner","52,870"
CHIPS,100,"Action, Comedy, Crime",6,An inexperienced rookie is teamed up with a hardened pro at the California Highway Patrol in Los Angeles; the newbie officer soon learns his partner is really an undercover Fed investigating a heist which may involve some crooked cops.,"Dax Shepard, | ,     Stars:, Michael Peña, Dax Shepard, Vincent DOnofrio, Rosa Salazar","48,181"
The Protector,40,"Action, Fantasy, Sci-Fi",6.5,"Discovering his ties to a secret ancient order, a young man living in modern Istanbul embarks on a quest to save the city from an immortal enemy.","Çagatay Ulusoy, Hazar Ergüçlü, Okan Yalabik, Burçin Terzioglu","34,809"
Rise of the Teenage Mutant Ninja Turtles: The Movie,82,"Animation, Action, Adventure",5.9,"When a mysterious stranger arrives from the future with a dire warning, Leo is forced to rise and lead his brothers, Raph, Donnie, and Mikey in a fight to save the world from a terrifying alien species.","Andy Suriano, Ant Ward, | ,     Stars:, Kat Graham, Haley Joel Osment, Ben Schwartz, Toks Olagundoye","3,955"
Finding Dory,97,"Animation, Adventure, Comedy",7.3,Friendly but forgetful blue tang Dory begins a search for her long-lost parents and everyone learns a few things about the real meaning of family along the way.,"Andrew Stanton, Angus MacLane, | ,     Stars:, Ellen DeGeneres, Albert Brooks, Ed ONeill, Kaitlin Olson","274,280"
The Next Three Days,133,"Action, Crime, Drama",7.3,A married couples life is turned upside down when the wife is accused of a murder.,"Paul Haggis, | ,     Stars:, Russell Crowe, Elizabeth Banks, Liam Neeson, Michael Buie","197,126"
Human Resources,30,"Animation, Comedy, Romance",7.2,A workplace comedy set in the world of the monsters from Big Mouth.,"Aidy Bryant, Randall Park, Keke Palmer, David Thewlis","6,188"
101 Dalmatians,103,"Adventure, Comedy, Crime",5.7,An evil high-fashion designer plots to steal dalmatian puppies in order to make an extravagant fur coat but creates an extravagant mess instead.,"Stephen Herek, | ,     Stars:, Glenn Close, Jeff Daniels, Joely Richardson, Joan Plowright","111,407"
Desperado,104,"Action, Crime, Thriller",7.1,Former musician and gunslinger El Mariachi arrives at a small Mexican border town after being away for a long time. His past quickly catches up with him and he soon gets entangled with the local drug kingpin Bucho and his gang.,"Robert Rodriguez, | ,     Stars:, Antonio Banderas, Salma Hayek, Joaquim de Almeida, Cheech Marin","186,134"
Vivo,95,"Animation, Adventure, Comedy",6.6,"Vivo, Sony Pictures Animations first-ever musical adventure featuring all-new original songs from Lin-Manuel Miranda, will take audiences on an epic adventure to gorgeous and vibrant locations never before seen in animation.","Kirk DeMicco, Brandon Jeffords, | ,     Stars:, Lin-Manuel Miranda, Ynairaly Simo, Zoe Saldana, Juan de Marcos González","18,809"
Deepwater Horizon,107,"Action, Drama, History",7.1,"A dramatization of the disaster in April 2010, when the offshore drilling rig called the Deepwater Horizon exploded, resulting in the worst oil spill in American history.","Peter Berg, | ,     Stars:, Mark Wahlberg, Kurt Russell, Douglas M. Griffin, James DuMont","168,678"
Goosebumps,22,"Fantasy, Horror, Mystery",7.6,A series of scary anthology stories based on the childrens books by R.L. Stine. Series one was hosted by R.L. Stine for twelve episodes.,"R.L. Stine, Kathryn Short, Cody Jones, Scott Wickware","13,649"
Out of the Furnace,116,"Action, Crime, Drama",6.7,"When Rodney Baze mysteriously disappears and law enforcement doesnt follow through fast enough, his older brother, Russell, takes matters into his own hands to find justice.","Scott Cooper, | ,     Stars:, Christian Bale, Casey Affleck, Zoe Saldana, Woody Harrelson","116,319"
The Promised Neverland,23,"Animation, Action, Adventure",8.3,"When three gifted kids at an isolated idyllic orphanage discover the secret and sinister purpose they were raised for, they look for a way to escape from their evil caretaker and lead the other children in a risky escape plan.","Sumire Morohoshi, Mariya Ise, Shinei Ueki, Lynn","37,094"
Everything Sucks!,30,"Comedy, Drama",7.5,"In 1990s Oregon, members of a high school A/V club clash with the drama club.","Jahi DiAllo Winston, Peyton Kennedy, Patch Darragh, Claudine Mboligikpelani Nako","19,872"
Inside thed of a Cat,67,Documentary,6.9,Cat experts dive into thed of the feline to reveal the true capabilities of the pouncing pet in this captivating and cuddly documentary.,"Andy Mitchell, | ,     Stars:, Neil Wilson, Bruce Kornriech, Kristyn Vitale, Saho Takagi","3,395"
The Defeated,45,"Drama, History, Thriller",7,Max McLaughlin is an American cop who arrives in Berlin in the summer of 1946 to help create a police force in the chaotic aftermath of the war.,"Taylor Kitsch, Michael C. Hall, Logan Marshall-Green, Nina Hoss","6,344"
The Ugly Truth,96,"Comedy, Romance",6.4,An uptight television producer takes control of a morning show segment on modern relationships hosted by a misogynistic man.,"Robert Luketic, | ,     Stars:, Katherine Heigl, Gerard Butler, Bree Turner, Eric Winter","219,132"
The Suite Life of Zack & Cody,30,"Comedy, Family",6.5,Comedy about identical twins living at the Tipton Hotel with their single mother who is a lounge singer at the hotel.,"Cole Sprouse, Dylan Sprouse, Brenda Song, Ashley Tisdale","36,629"
Nanatsu no taizai,24,"Animation, Action, Adventure",7.9,"The story of the Seven Deadly Sins, a group of warriors who were wrongly accused of a crime they didnt commit and went on a quest to vindicate themselves.","Bryce Papenbrook, Erika Harlacher, Max Mittelman, Cristina Valenzuela","31,725"
Alias Grace,267,"Biography, Crime, Drama",7.7,"In 19th-century Canada, a psychiatrist weighs whether a murderess should be pardoned due to insanity.","Sarah Gadon, Edward Holcroft, Rebecca Liddiard, Zachary Levi","32,897"
The DUFF,101,"Comedy, Romance",6.4,"A high school senior instigates a social pecking order revolution after finding out that she has been labeled the DUFF - Designated Ugly Fat Friend - by her prettier, more popular counterparts.","Ari Sandel, | ,     Stars:, Mae Whitman, Bella Thorne, Robbie Amell, Allison Janney","94,704"
Toscana,90,"Drama, Romance",5.7,"When a Danish chef travels to Tuscany to sell his fathers business, he meets a local woman who inspires him to rethink his approach to life and love.","Mehdi Avaz, | ,     Stars:Cristiana DellAnna, Brian Flaccus, Ghita Nørby, Nancy Linari","6,917"
Kung Fu Panda 3,95,"Animation, Action, Adventure",7.1,"Continuing his legendary adventures of awesomeness, Po must face two hugely epic, but different threats: one supernatural and the other a little closer to home.","Alessandro Carloni, Jennifer Yuh Nelson, | ,     Stars:, Jack Black, Bryan Cranston, Dustin Hoffman, Angelina Jolie","158,187"
Keeping Up with the Kardashians,44,"Drama, Family, Reality-TV",2.8,"A peek inside the exploits and privileged private lives of the blended Kardashian-Jenner family, including sisters Kim, Kourtney, Khloé, Kendall and Kylie.","Khloé Kardashian, Kim Kardashian, Kourtney Kardashian, Kris Jenner","29,990"
Vikingane,30,"Comedy, History",7.7,Viking life at the close of the 8th century.,"Kåre Conradi, Nils Jørgen Kaalstad, Jon Øigarden, Bjørn Myrene","18,768"
Rise of the Teenage Mutant Ninja Turtles,22,"Animation, Action, Adventure",5.1,Four mutant turtle brothers go on adventures where they end up tapping into mystic ninja powers.,"Ben Schwartz, Brandon Mychal Smith, Omar Benson Miller, Josh Brener","3,965"
Verónica,105,Horror,6.2,"Madrid, 1991. A teen girl finds herself besieged by an evil supernatural force after she played Ouija with two classmates.","Paco Plaza, | ,     Stars:, Sandra Escacena, Bruna González, Claudia Placer, Iván Chavero","41,818"
The Quick and the Dead,108,"Action, Romance, Thriller",6.5,"A female gunfighter returns to a frontier town where a dueling tournament is being held, which she enters in an effort to avenge her fathers death.","Sam Raimi, | ,     Stars:, Sharon Stone, Gene Hackman, Russell Crowe, Leonardo DiCaprio","94,644"
Death Note,101,"Crime, Drama, Fantasy",4.5,"A high school student named Light Turner discovers a mysterious notebook that has the power to kill anyone whose name is written within its pages, and launches a secret crusade to rid the world of criminals.","Adam Wingard, | ,     Stars:, Nat Wolff, LaKeith Stanfield, Margaret Qualley, Shea Whigham","84,893"
Shattered,92,Thriller,5,"A rich divorcee Chris falls in love with a mysterious woman Sky where Chris, ex-wife and his child eventually gets trapped and a desperate fight for survival will most likely ensue.","Luis Prieto, | ,     Stars:, Cameron Monaghan, Sasha Luss, Ridley Asha Bateman, Lilly Krug","3,207"
The Midnight Sky,118,"Adventure, Drama, Sci-Fi",5.6,"This post-apocalyptic tale follows Augustine, a lonely scientist in the Arctic, as he races to stop Sully and her fellow astronauts from returning home to a mysterious global catastrophe.","George Clooney, | ,     Stars:, George Clooney, Felicity Jones, David Oyelowo, Caoilinn Springall","83,059"
Force of Nature,91,"Crime, Drama, Thriller",4.5,A gang of thieves plan a heist during a hurricane and encounter trouble when a cop tries to force everyone in the building to evacuate.,"Michael Polish, | ,     Stars:, Emile Hirsch, Mel Gibson, David Zayas, Kate Bosworth","11,369"
Scary Movie V,86,Comedy,3.5,"A couple begin to experience some unusual activity after bringing their lost nieces and nephew home. With the help of home-surveillance cameras, they learn theyre being stalked by a nefarious demon.","Malcolm D. Lee, David Zucker, | ,     Stars:, Simon Rex, Ashley Tisdale, Charlie Sheen, Lindsay Lohan","71,952"
How to Train Your Dragon: The Hidden World,104,"Animation, Action, Adventure",7.4,"When Hiccup discovers Toothless isnt the only Night Fury, he must seek The Hidden World, a secret Dragon Utopia before a hired tyrant named Grimmel finds it first.","Dean DeBlois, | ,     Stars:, Jay Baruchel, America Ferrera, F. Murray Abraham, Cate Blanchett","127,862"
Coroner,60,"Crime, Drama, Mystery",6.7,A newly appointed coroner investigates a string of mysterious deaths in Toronto.,"Serinda Swan, Roger Cross, Kiley May, Ehren Kassam","4,494"
Vis a vis,53,"Drama, Thriller",8.2,She broke the law for the boss she fell in love with. Now this naive girl has to pay the price.,"Alba Flores, María Isabel Díaz Lago, Marta Aledo, Najwa Nimri","22,298"
Death Wish,107,"Action, Crime, Drama",6.3,"Dr. Paul Kersey is an experienced trauma surgeon, a man who has spent his life saving lives. After an attack on his family, Paul embarks on his own mission for justice.","Eli Roth, | ,     Stars:, Bruce Willis, Vincent DOnofrio, Elisabeth Shue, Camila Morrone","72,384"
Oz the Great and Powerful,130,"Adventure, Family, Fantasy",6.3,A small-time magician is swept away to an enchanted land and is forced into a power struggle between three witches.,"Sam Raimi, | ,     Stars:, James Franco, Michelle Williams, Rachel Weisz, Mila Kunis","208,176"
Sand Castle,113,"Action, Drama, War",6.3,"The story follows a young soldier, and his introduction into the 2003 invasion of Iraq. Based on true events, it bears witness to the destruction, and horrors of war.","Fernando Coimbra, | ,     Stars:, Nicholas Hoult, Logan Marshall-Green, Henry Cavill, Glen Powell","23,637"
Easy Rider,95,"Adventure, Drama",7.3,"Two bikers head from L.A. to New Orleans through the open country and desert lands, and along the way they meet a man who bridges a counter-culture gap of which they had been unaware.","Dennis Hopper, | ,     Stars:, Peter Fonda, Dennis Hopper, Jack Nicholson, Antonio Mendoza","110,079"
Torchwood,50,"Action, Drama, Mystery",7.7,"The members of the Torchwood Institute, a secret organization founded by the British Crown, fight to protect the Earth from extraterrestrial and supernatural threats.","John Barrowman, Eve Myles, Kai Owen, Gareth David-Lloyd","41,119"
Malcolm & Marie,106,"Drama, Romance",6.6,A director and his girlfriends relationship is tested after they return home from his movie premiere and face each others turmoil during one long night.,"Sam Levinson, | ,     Stars:, John David Washington, Zendaya","37,062"
Ponyo,101,"Animation, Adventure, Comedy",7.6,"A five-year-old boy develops a relationship with Ponyo, a young goldfish princess who longs to become a human after falling in love with him.","Hayao Miyazaki, | ,     Stars:, Cate Blanchett, Matt Damon, Liam Neeson, Tomoko Yamaguchi","143,199"
Hypnotic,88,"Mystery, Thriller",5.3,"A young woman seeking self-improvement enlists the help of a renowned hypnotherapist. But after a handful of intense sessions, she discovers unexpected and deadly consequences.","Matt Angel, Suzanne Coote, | ,     Stars:, Kate Siegel, Jason OMara, Dulé Hill, Lucie Guest","16,263"
Holidate,104,"Comedy, Romance",6.1,"Fed up with being single on holidays, two strangers agree to be each others platonic plus-ones all year long, only to catch real feelings along the way.","John Whitesell, | ,     Stars:, Emma Roberts, Luke Bracey, Kristin Chenoweth, Frances Fisher","64,848"
"Boo, Bitch",202,Comedy,5.8,"Two senior BFFs make a last-ditch attempt to be seen. But when one of them becomes a ghost, shell need to really live her best life--while she can.","Lana Condor, Zoe Margaret Colletti, Mason Versaw, Aparna Brielle","3,457"
3%,49,"Action, Drama, Sci-Fi",7.3,"A post-apocalyptic thriller set in near-future Brazil, where a select few are allowed to join a privileged society after undergoing an intense and competitive process.","Bianca Comparato, Vaneza Oliveira, Rodolfo Valente, Zezé Motta","25,700"
The In Between,115,"Drama, Romance, Sci-Fi",5.9,"After surviving a car accident that took the life of her boyfriend, a teenage girl believes hes attempting to reconnect with her from the after world.","Arie Posin, | ,     Stars:, Joey King, Kyle Allen, Kim Dickens, John Ortiz","7,652"
College Romance,30,"Comedy, Drama, Romance",8.4,"Three best friends look for love, laughs and some lifelong memories while attending college together.","Apoorva Arora, Keshav Sadhna, Gagan Arora, Shreya Mehta","26,513"
The Silent Sea,45,"Adventure, Drama, Mystery",6.9,"During a perilous 24-hour mission on the moon, space explorers try to retrieve samples from an abandoned research facility steeped in classified secrets.","Bae Doona, Gong Yoo, Joon Lee, Kim Sun-young","20,373"
Cursed,60,"Adventure, Drama, Fantasy",5.9,A teenage sorceress named Nimue encounters a young Arthur on her quest to find a powerful and ancient sword.,"Katherine Langford, Devon Terrell, Gustaf Skarsgård, Daniel Sharman","30,298"
I See You,98,"Crime, Drama, Horror",6.8,Strange occurrences plague a small town detective and his family as he investigates the disappearance of a young boy.,"Adam Randall, | ,     Stars:, Helen Hunt, Jon Tenney, Owen Teague, Judah Lewis","49,300"
What/If,55,"Drama, Thriller",6.3,"An anthology series which tackles a different morality tale, and the ripple effect of a single decision that changes the trajectory of an entire life.","Jane Levy, Blake Jenner, Keith Powers, Samantha Marie Ware","15,483"
We Can Be Heroes,100,"Action, Comedy, Drama",4.7,"When alien invaders capture the Earths superheroes, their kids must learn to work together to save their parents- and the planet.","Robert Rodriguez, | ,     Stars:, YaYa Gosselin, Pedro Pascal, Priyanka Chopra Jonas, Lyon Daniels","14,971"
Descendants of the Sun,60,"Action, Comedy, Drama",8.3,This drama tells of the love story that develops between a surgeon and a special forces officer.,"Song Joong-ki, Song Hye-Kyo, Jin Goo, Kim Ji-Won","16,031"
Begin Again,104,"Comedy, Drama, Music",7.4,"A chance encounter between a down-and-out music-business executive and a young singer-songwriter, new to Manhattan, turns into a promising collaboration between the two talents.","John Carney, | ,     Stars:, Keira Knightley, Mark Ruffalo, Adam Levine, Hailee Steinfeld","156,482"
The Human Centipede 2 (Full Sequence),91,Horror,3.8,"Inspired by the fictional Dr. Heiter, disturbed loner Martin dreams of creating a 12-person centipede and sets out to realize his sick fantasy.","Tom Six, | ,     Stars:, Laurence R. Harvey, Ashlynn Yennie, Maddi Black, Kandace Caine","39,094"
The Croods,98,"Animation, Adventure, Comedy",7.2,"After their cave is destroyed, a caveman family must trek through an unfamiliar fantastical world with the help of an inventive boy.","Kirk DeMicco, Chris Sanders, | ,     Stars:, Nicolas Cage, Ryan Reynolds, Emma Stone, Catherine Keener","214,351"
Dont Be a Menace to South Central While Drinking Your Juice in the Hood,89,"Comedy, Crime",6.5,"A parody of several U.S. films about being in the Hood, for instance Boyz n the Hood (1991), South Central (1992), Menace II Society (1993), Higher Learning (1995) and Juice (1992).","Paris Barclay, | ,     Stars:, Shawn Wayans, Marlon Wayans, Keenen Ivory Wayans, Tracey Cherelle Jones","55,787"
Money Heist: Korea - Joint Economic Area,60,"Action, Crime, Drama",5.3,A genius strategist and people with different personalities and abilities fighting an extraordinary variable and engaging in an unprecedented hostage play.,"Lee Si-woo, Eugene Ko, Park Hae-soo, Yunjin Kim","5,791"
Mirage,128,"Drama, Fantasy, Mystery",7.4,Two storms separated by 25 years. A woman murdered. A daughter missed. Only 72 hours to discover the truth.,"Oriol Paulo, | ,     Stars:, Adriana Ugarte, Chino Darín, Javier Gutiérrez, Álvaro Morte","55,701"
Baki,45,"Animation, Action, Drama",6.7,"The protagonist, Baki Hanma, trains with an intense focus to become strong enough to surpass his father, Yujiro Hanma, the strongest fighter in the world.","Tôru Furuya, Kirk Thornton, Troy Baker, Nobunaga Shimazaki","6,333"
Project Power,113,"Action, Crime, Sci-Fi",6,"When a pill that gives its users unpredictable superpowers for fiveutes hits the streets of New Orleans, a teenage dealer and a local cop must team with an ex-soldier to take down the group responsible for its creation.","Henry Joost, Ariel Schulman, | ,     Stars:, Jamie Foxx, Joseph Gordon-Levitt, Dominique Fishback, Rodrigo Santoro","88,089"
Call My Agent!,52,"Comedy, Drama",8.3,French serial about the lives and jobs of people working at a talent agency.,"Camille Cottin, Thibault de Montalembert, Grégory Montel, Liliane Rovère","14,448"
To the Lake,48,"Drama, Sci-Fi, Thriller",7.2,A terrible plague strikes and a group decides to risk their lives. Humanity struggles to survive as they face the end of their civilization.,"Kirill Käro, Maryana Spivak, Natalya Zemtsova, Eldar Kalimulin","13,051"
Erased,264,"Animation, Drama, Fantasy",8.5,"29-year-old Satoru Fujinuma is sent back in time 18 years to prevent the events leading to his mothers death, which began with a series of kidnappings while he was in 5th grade.","Ben Diskin, Tao Tsuchiya, Michelle Ruff, Minami Takayama","46,215"
The Cloverfield Paradox,102,"Action, Horror, Sci-Fi",5.5,"Orbiting a planet on the brink of war, scientists test a device to solve an energy crisis, and end up face-to-face with a dark alternate reality.","Julius Onah, | ,     Stars:, Gugu Mbatha-Raw, David Oyelowo, Daniel Brühl, John Ortiz","105,228"
Messiah,43,"Drama, Mystery, Thriller",7.6,"When a C.I.A. officer investigates a man and his followers who attract international attention through acts of public disruption, she embarks on a global high-stakes mission to uncover whether he is a divine entity or a con artist.","Michelle Monaghan, Mehdi Dehbi, John Ortiz, Tomer Sisley","43,128"
Heist,93,"Action, Crime, Drama",6.1,"A father is without the means to pay for his daughters medical treatment. As a last resort, he partners with a greedy co-worker to rob a casino. When things go awry theyre forced to hijack a city bus.","Scott Mann, | ,     Stars:, Robert De Niro, Jeffrey Dean Morgan, Dave Bautista, Kate Bosworth","30,618"
Miracle in Cell No. 7,132,Drama,8.2,A story of love between a mentally-ill father who was wrongly accused of murder and his lovely six year old daughter. Prison will be their home. Based on the 2013 Korean movie Miracle in Cell No. 7 (2013).,"Mehmet Ada Öztekin, | ,     Stars:, Aras Bulut Iynemli, Nisa Sofiya Aksongur, Deniz Baysal, Celile Toyon Uysal","48,567"
Blue Jasmine,98,"Comedy, Drama",7.3,"A New York socialite, deeply troubled and in denial, arrives in San Francisco to impose upon her sister. She looks like a million dollars but isnt bringing money, peace or love.","Woody Allen, | ,     Stars:, Cate Blanchett, Alec Baldwin, Peter Sarsgaard, Sally Hawkins","202,975"
American Vandal,34,"Comedy, Crime, Drama",8.1,A true-crime satire that explores the aftermath of a costly high school prank that left twenty-seven faculty cars vandalized with phallic images.,"Tyler Alvarez, Griffin Gluck, Jimmy Tatro, Travis Tope","30,797"
The Wrong Missy,90,"Comedy, Romance",5.7,"Tim thinks hes invited the woman of his dreams on a work retreat to Hawaii, realizing too late he mistakenly texted someone from a nightmare blind date.","Tyler Spindel, | ,     Stars:, David Spade, Lauren Lapkus, Nick Swardson, Geoff Pierson","39,860"
Mr. Sunshine,80,"Action, Drama, History",8.7,A young boy who ends up in the U.S. after the 1871 Shinmiyangyo incident returns to Korea at a historical turning point and falls for a noblewoman.,"Lee Byung-hun, Kim Tae-ri, Yoo Yeon-Seok, Yo-Han Byun","7,620"
Alice Through the Looking Glass,113,"Adventure, Family, Fantasy",6.1,"Alice is appointed to save her beloved Mad Hatter from deadly grief by travelling back to the past, but this means fatally harming Time himself, the noble clockwork man with the device needed to save the Hatters family from the Red Queen.","James Bobin, | ,     Stars:, Mia Wasikowska, Johnny Depp, Helena Bonham Carter, Anne Hathaway","108,693"
The Trip,113,"Action, Comedy, Horror",6.9,"A dysfunctional couple head to a remote cabin to reconnect, but each has intentions to kill the other. Before they can carry out their plans, unexpected visitors arrive and they face a greater danger.","Tommy Wirkola, | ,     Stars:, Noomi Rapace, Aksel Hennie, Atle Antonsen, Christian Rubeck","21,751"
Welcome to Eden,40,"Action, Drama, Sci-Fi",5.5,"A group of young adults attend a party on a remote island, but the tempting paradise they find waiting for them holds dangerous secrets and entrapments.","Amaia Aberasturi, Tomás Aguilera, Diego Garisa, Berta Castañé","4,529"
L.A.s Finest,60,"Action, Comedy, Crime",6.1,"The spinoff series of Bad Boys films focuses on drug enforcement agent Sydney Burnett, now working for the Los Angeles Police Department.","Jessica Alba, Gabrielle Union, Duane Martin, Zach Gilford","7,787"
Extremely Loud & Incredibly Close,129,"Adventure, Drama, Mystery",6.9,"A nine-year-old amateur inventor, Francophile, and pacifist searches New York City for the lock that matches a mysterious key left behind by his father, who died in the World Trade Center on September 11, 2001.","Stephen Daldry, | ,     Stars:, Thomas Horn, Tom Hanks, Sandra Bullock, Max von Sydow","102,189"
The Italian Job,99,"Action, Comedy, Crime",7.2,Comic caper movie about a plan to steal a gold shipment from the streets of Turin by creating a traffic jam.,"Peter Collinson, | ,     Stars:, Michael Caine, Noël Coward, Benny Hill, Raf Vallone","46,471"
Along for the Ride,106,"Drama, Romance",6.1,"The summer before college Auden meets the mysterious Eli, a fellow insomniac. While the seaside town of Colby sleeps, the two embark on a nightly quest to help Auden experience the fun, carefree teen life she never knew she wanted.","Sofia Alvarez, | ,     Stars:, Emma Pasarow, Belmont Cameli, Laura Kariuki, Kate Bosworth","6,370"
Final Space,30,"Animation, Action, Adventure",8.2,An astronaut named Gary and his planet-destroying sidekick called Mooncake embark on serialized journeys through space in order to unlock the mystery of where the universe actually ends and if it actually does exist.,"Fred Armisen, Tom Kenny, Olan Rogers, Tika Sumpter","43,494"
Daybreak,60,"Action, Adventure, Comedy",6.7,High school outcast Josh is searching for his missing girlfriend in post apocalyptic Glendale. Hes joined by a group of misfits Angelica and his former bully Wesley. On the way theyll face many weird things.,"Colin Ford, Alyvia Alyn Lind, Sophie Simnett, Austin Crute","20,392"
The Ice Road,109,"Action, Adventure, Thriller",5.6,"After a remote diamonde collapses in far northern Canada, a big-rig ice road driver must lead an impossible rescue mission over a frozen lake to save the trappeders.","Jonathan Hensleigh, | ,     Stars:, Liam Neeson, Marcus Thomas, Laurence Fishburne, Amber Midthunder","40,567"
Now You See Me 2,129,"Action, Adventure, Comedy",6.4,"The Four Horsemen resurface, and are forcibly recruited by a tech genius to pull off their most impossible heist yet.","Jon M. Chu, | ,     Stars:, Jesse Eisenberg, Mark Ruffalo, Woody Harrelson, Dave Franco","287,484"
From Scratch,,Drama,,An American woman falls in love with a Sicilian man while studying abroad in Italy.,"Zoe Saldana, Eugenio Mastrandrea, Roberta Rigano, Ruby Kammer",
Father of the Bride Part 3 (ish),26,"Short, Family",6.9,"Twenty-five years after the second movies release, the Banks family gathers for a Zoom call and a very special wedding-related announcement.","Nancy Meyers, | ,     Stars:, Diane Keaton, Kieran Culkin, Kimberly Williams-Paisley, Florence Pugh","1,169"
Forgotten,108,"Mystery, Thriller",7.4,"When his abducted brother returns seemingly a different man with no memory of the past 19 days, Jin-seok chases after the truth behind the kidnapping.","Hang-jun Jang, | ,     Stars:, Kang Ha-neul, Yeon Je Hyung, Mu-Yeol Kim, Na-ra Lee","33,550"
Hillbilly Elegy,116,Drama,6.7,"An urgent phone call pulls a Yale Law student back to his Ohio hometown, where he reflects on three generations of family history and his own future.","Ron Howard, | ,     Stars:, Amy Adams, Glenn Close, Gabriel Basso, Haley Bennett","42,262"
R.I.P.D.,96,"Action, Adventure, Comedy",5.6,A recently slain cop joins a team of undead police officers working for the Rest in Peace Department and tries to find the man who murdered him.,"Robert Schwentke, | ,     Stars:, Ryan Reynolds, Jeff Bridges, Mary-Louise Parker, Kevin Bacon","133,188"
Dirty Grandpa,102,Comedy,5.9,"Right before his wedding, an uptight guy is tricked into driving his grandfather, a lecherous former Army Lieutenant Colonel, to Florida for Spring Break.","Dan Mazer, | ,     Stars:, Robert De Niro, Zac Efron, Zoey Deutch, Aubrey Plaza","124,037"
Colony,42,"Action, Adventure, Drama",7.3,"In the wake of a mysterious alien invasion, a family fights to stay together in a new world order.","Josh Holloway, Sarah Wayne Callies, Peter Jacobson, Tory Kittles","36,235"
The Dark Crystal: Age of Resistance,60,"Adventure, Drama, Family",8.4,"Return to the world of Thra, where three Gelfling discover the horrifying secret behind the Skeksis power, and set out to ignite the fires of rebellion and save their world.","Neil Sterenberg, Beccy Henderson, Nathalie Emmanuel, Taron Egerton","24,798"
High School DxD,23,"Animation, Action, Comedy",7.6,"After being killed on his first date, idiotic and perverted Issei Hyodo is resurrected as a demon by Rias Gremory only to be recruited into her club of high-class devils.","Yûki Kaji, Yôko Hikasa, Shizuka Itô, Azumi Asakura","10,667"
Crashing,30,Comedy,7.7,"A comedy series following the lives of six 20- and 30-somethings living together as property guardians of a large, disused hospital.","Phoebe Waller-Bridge, Jonathan Bailey, Julie Dray, Louise Ford","21,023"
The Guardians of Justice (Will Save You!),30,"Animation, Action, Adventure",4.9,"When their seemingly fearless leader self-destructs, a team of troubled superheroes must confront festering evil in the world - and in themselves.","Dallas Page, Sharni Vinson, Denise Richards, Zachery Ty Bryan","3,177"
Dogs in Space,18,"Animation, Action, Adventure",7.1,"In the not-so-distant future, Earths scientists send a fleet of genetically enhanced dogs to explore the galaxy in search of a new planet to call home.","Haley Joel Osment, Sarah Chalke, Kimiko Glenn, Chris Parnell",693
Macbeth,113,"Drama, History, War",6.6,"Macbeth, the Thane of Glamis, receives a prophecy from a trio of witches that one day he will become King of Scotland. Consumed by ambition and spurred to action by his wife, Macbeth murders his king and takes the throne for himself.","Justin Kurzel, | ,     Stars:, Michael Fassbender, Marion Cotillard, Jack Madigan, Frank Madigan","56,963"
White Girl,88,"Crime, Drama",5.7,"Summer, New York City. A college girl falls hard for a guy she just met. After a night of partying goes wrong, she goes to wild extremes to get him back.","Elizabeth Wood, | ,     Stars:, Morgan Saylor, Brian Marc, Justin Bartha, Adrian Martinez","10,974"
Skandal! Bringing Down Wirecard,92,"Documentary, Crime",7.2,Upstart payment firm Wirecard wowed the financial industry with its runaway success — until a tenacious team of journalists exposed massive fraud.,James Erskine,595
Friends from College,30,"Comedy, Drama",6.9,"Twenty years after graduation, a tight-knit group of college friends reconnects and discovers that love hasnt gotten easier with age.","Keegan-Michael Key, Cobie Smulders, Annie Parisse, Nat Faxon","21,028"
Spenser Confidential,111,"Action, Comedy, Drama",6.2,"When two Boston police officers are murdered, ex-cop Spenser teams up with his no-nonsense roommate Hawk to take down criminals.","Peter Berg, | ,     Stars:, Mark Wahlberg, Winston Duke, Alan Arkin, Iliza Shlesinger","88,002"
The F**k-It List,103,Comedy,5.1,"After a prank blows up on a high school seniors life, he shares a list of certain things he wishes hed done differently.","Michael Duggan, | ,     Stars:, Eli Brown, Madison Iseman, Marcus Scribner, Karan Brar","6,447"
Chefs Table,50,Documentary,8.5,"Chefs Table goes inside the lives and kitchens of six of the worlds most renowned international chefs. Each episode focuses on a single chef and their unique look at their lives, talents and passion from their piece of culinary heaven.","Massimo Bottura, Ruth Reichl, Francis Mallmann, Magnus Nilsson","15,573"
Man Down,30,Comedy,7.6,A deadbeat drama teacher gets a wake-up call when his girlfriend leaves him.,"Greg Davies, Roisin Conaty, Mike Wozniak, Gwyneth Powell","4,488"
The Beauty Queen of Jerusalem,28,Drama,7.2,"A family living through the Ottoman Empire, The British Mandate and Israels War of Independence. The multi-generational historical melodrama will shoot across the country in Hebrew, English, Ladino and Arabic.","Swell Ariel Or, Michael Aloni, Irit Kaplan, Hila Saada",584
Insidious: Chapter 2,106,"Horror, Mystery, Thriller",6.5,"The Lamberts believe that they have defeated the spirits that have haunted their family, but they soon discover that evil is not beaten so easily.","James Wan, | ,     Stars:, Patrick Wilson, Rose Byrne, Barbara Hershey, Lin Shaye","170,491"
Fruits Basket,24,"Animation, Comedy, Drama",8.6,"After Tohru is taken in by the Soma family, she learns that twelve family members transform involuntarily into animals of the Chinese zodiac and helps them deal with the emotional pain caused by the transformations.","Manaka Iwami, Laura Bailey, Nobunaga Shimazaki, Eric Vale","6,270"
Seven Seconds,60,"Crime, Drama",7.7,Tensions run high between African American citizens and Caucasian cops in Jersey City when a teenage African American boy is critically injured by a cop.,"Clare-Hope Ashitey, Beau Knapp, Michael Mosley, David Lyons","16,561"
Mechanic: Resurrection,98,"Action, Adventure, Crime",5.7,Bishops most formidable foe kidnaps the love of his life in order to make him complete three impossible assassinations and make them look like accidents.,"Dennis Gansel, | ,     Stars:, Jason Statham, Jessica Alba, Tommy Lee Jones, Michelle Yeoh","85,193"
Itaewon Class,70,"Drama, Romance",8.2,"An ex-con opens a street bar in Itaewon, while also seeking revenge on the family who was responsible for his fathers death.","Park Seo-joon, Kim Da-Mi, Yoo Jae-myung, Nara","13,538"
The Vietnam War,990,"Documentary, History, War",9.1,A comprehensive history of the United States involvement in the bitterly divisive armed conflict in Southeast Asia.,"Peter Coyote, Huy Duc, James Willbanks, Duong Van Mai Elliott","24,632"
Downsizing,135,"Drama, Fantasy, Sci-Fi",5.7,"A social satire in which a man realizes he would have a better life if he were to shrink himself to five inches tall, allowing him to live in wealth and splendor.","Alexander Payne, | ,     Stars:, Matt Damon, Christoph Waltz, Hong Chau, Kristen Wiig","110,069"
Serenity,106,"Drama, Mystery, Thriller",5.4,A fishing boat captain juggles facing his mysterious past and finding himself ensnared in a reality where nothing is what it seems.,"Steven Knight, | ,     Stars:, Matthew McConaughey, Anne Hathaway, Diane Lane, Jason Clarke","41,427"
Mirror Mirror,106,"Adventure, Comedy, Drama",5.6,An evil queen steals control of a kingdom and an exiled princess enlists the help of seven resourceful rebels to win back her birthright.,"Tarsem Singh, | ,     Stars:, Lily Collins, Julia Roberts, Armie Hammer, Nathan Lane","88,003"
You Dont Know Me,60,"Crime, Drama",6.8,"A young man stands accused of murder. The evidence is overwhelming. But at his trial, this man tells an extraordinary story.","Samuel Adewunmi, Badria Timimi, Yetunde Oduwole, Bukky Bakray","5,240"
"Good Morning, Verônica",49,"Crime, Drama, Mystery",7.5,"After witnessing a suicide, an unobtrusive police clerk decides to investigate two neglected cases on her own, both involving abused women.","Tainá Müller, Silvio Guindane, Elisa Volpatto, Adriano Garib","4,505"
Eli,98,"Drama, Horror, Mystery",5.8,A boy receiving treatment for his auto-immune disorder discovers that the house hes living in isnt as safe as he thought.,"Ciarán Foy, | ,     Stars:, Charlie Shotwell, Kelly Reilly, Max Martini, Lili Taylor","36,030"
Dreamgirls,130,"Drama, Music, Musical",6.6,"A trio of black female soul singers cross over to the pop charts in the early 1960s, facing their own personal struggles along the way.","Bill Condon, | ,     Stars:, Beyoncé, Jamie Foxx, Eddie Murphy, Danny Glover","74,022"
Bordertown,60,"Crime, Drama, Mystery",7.6,"Quirky police detective, in Finland, delves into hisd palace to solve despicable crimes all the while trying to keep his family together. If Sherlock was based in Finland this would be it.","Ville Virtanen, Matleena Kuusniemi, Anu Sinisalo, Lenita Susi","11,049"
Fabulous Lives of Bollywood Wives,35,"Documentary, Reality-TV, Romance",4.6,"Cameras follow the banter and bonding between four fun-loving women from Bollywoods inner circle as they juggle professions, family and friendship.","Neelam Kothari, Maheep Kapoor, Seema Khan, Bhavana Pandey","10,077"
Off the Hook,30,"Comedy, Romance",6.4,"Realizing they both have a toxic relationship to the Internet, roommates Léa and Manon decide to do the unthinkable: abandon all devices for 30 days.","Manon Azem, Tiphaine Daviot, Charlotte de Turckheim, Héléna Noguerra",265
The Wolf of Snow Hollow,85,"Comedy, Horror, Mystery",6.2,"Terror grips a small mountain town as bodies are discovered after each full moon. Losing sleep, raising a teenage daughter, and caring for his ailing father, officer Marshall struggles to remind himself theres no such thing as werewolves.","Jim Cummings, | ,     Stars:, Jim Cummings, Riki Lindhome, Robert Forster, Chloe East","20,461"
Girl From Nowhere,45,"Crime, Drama, Fantasy",7.6,"A mysterious, clever girl named Nanno transfers to different schools, exposing the lies and misdeeds of the students and faculty at every turn.","Kitty Chicha, Tris Ren, Naomi Amante, Rich Ting","4,447"
Cuckoo,30,Comedy,7.2,"Cuckoo is every parents worst nightmare - a slacker full of outlandish, New Age ideas.","Greg Davies, Helen Baxendale, Tyger Drew-Honey, Kenneth Collard","9,807"
Still Game,30,Comedy,8.9,"Cult Scottish comedy about the lives of two OAPs Jack and Victor and their views on how it used to be in the old days and how bad it is now in the fictional area of Craiglang, Glasgow.","Ford Kiernan, Greg Hemphill, Paul Riley, Gavin Mitchell","7,880"
Total Recall,118,"Action, Adventure, Sci-Fi",6.2,"A factory worker, Douglas Quaid, begins to suspect that he is a spy after visiting Rekall - a company that provides its clients with implanted fake memories of a life they would like to have led - goes wrong and he finds himself on the run.","Len Wiseman, | ,     Stars:, Colin Farrell, Bokeem Woodbine, Bryan Cranston, Kate Beckinsale","254,640"
Lilyhammer,45,"Comedy, Crime, Drama",7.9,A New York mobster goes into hiding in rural Lillehammer in Norway after testifying against his former associates.,"Steven Van Zandt, Trond Fausa, Steinar Sagen, Marian Saastad Ottesen","29,675"
Winx Club,25,"Animation, Action, Adventure",6.1,"At Alfea College, fairy warriors from all over the universe study and train to improve their magic powers. Bloom, a girl from Earth, joins them after discovering her own special abilities.","Molly C. Quinn, Keke Palmer, Amy Gross, Morgan Decker","7,005"
The Adventures of Sharkboy and Lavagirl 3-D,93,"Action, Adventure, Comedy",3.6,A young boy is recruited by his imaginary friends Sharkboy and Lavagirl to help save their planet.,"Robert Rodriguez, | ,     Stars:, Cayden Boyd, George Lopez, Kristin Davis, David Arquette","38,137"
Takers,107,"Action, Crime, Drama",6.2,A group of bank robbers find their multi-million dollar plan interrupted by a hard-boiled detective.,"John Luessenhop, | ,     Stars:, Chris Brown, Hayden Christensen, Matt Dillon, Michael Ealy","62,903"
Black Lightning,43,"Action, Drama, Sci-Fi",6.1,A crusading school principal gets back into action as the original African-American electrical superhero.,"Cress Williams, Nafessa Williams, Christine Adams, Marvin Jones III","25,555"
Tuca & Bertie,26,"Animation, Comedy",7.3,The story of two 30-year old bird women who live in the same apartment building.,"Tiffany Haddish, Ali Wong, Steven Yeun, Nicole Byer","7,337"
The Lorax,86,"Animation, Adventure, Comedy",6.4,"A 12-year-old boy searches for the one thing that will enable him to win the affection of the girl of his dreams. To find it he must discover the story of the Lorax, the grumpy yet charming creature who fights to protect his world.","Chris Renaud, Kyle Balda, | ,     Stars:, Zac Efron, Taylor Swift, Danny DeVito, Ed Helms","112,998"
Velvet Buzzsaw,113,"Horror, Mystery, Thriller",5.7,"A satire set in the contemporary art world scene of Los Angeles, where big money artists and mega-collectors pay a high price when art collides with commerce.","Dan Gilroy, | ,     Stars:, Jake Gyllenhaal, Rene Russo, Zawe Ashton, Tom Sturridge","61,331"
"Re: Zero, Starting Life in Another World",24,"Animation, Adventure, Drama",8.1,"Shortly after being summoned to a new world, Subaru Natsuki and his new female companion are brutally murdered. But then he awakes to find himself in the same alley, with the same thugs, the same girl, and the day begins to repeat.","Yûsuke Kobayashi, Rie Takahashi, Sean Chiplock, Rie Murakawa","18,302"
The Old Guard 2,,"Action, Adventure, Fantasy",,Plot Unknown. Sequel to The Old Guard (2020).,"Victoria Mahoney, | ,     Stars:, Charlize Theron, Uma Thurman, Chiwetel Ejiofor, Matthias Schoenaerts",
Bright,117,"Action, Fantasy, Thriller",6.3,A detective must work with an Orc to find a powerful wand before evil creatures do.,"David Ayer, | ,     Stars:, Will Smith, Joel Edgerton, Noomi Rapace, Edgar Ramírez","188,766"
Swallow,94,"Drama, Thriller",6.5,"Hunter, a newly pregnant housewife, finds herself increasingly compelled to consume dangerous objects. As her husband and his family tighten their control over her life, she must confront the dark secret behind her new obsession.","Carlo Mirabella-Davis, | ,     Stars:, Haley Bennett, Austin Stowell, Denis OHare, Elizabeth Marvel","23,642"
Young Lady and Gentleman,70,"Comedy, Drama, Family",6.4,Lee Young Kook is a widower with three children. He decides to hire Park Dan Dan as a live-in tutor for his kids and he becomes attracted to her despite the age difference. Probably because...                See full summary »,"Garrison Michael Farquharson-Keener, Lee Se-Hee, Kim Young-ok, Hyun-Woo Ji",213
Colombiana,108,"Action, Drama, Thriller",6.4,A young girl in Bogotá witnesses her parents murder and grows up to be a stone-cold assassin.,"Olivier Megaton, | ,     Stars:, Zoe Saldana, Michael Vartan, Callum Blue, Jordi Mollà","101,670"
Katla,,"Drama, Mystery, Sci-Fi",7,"One year after the violent eruption of the subglacial volcano Katla, the peace and tranquility in the small town of Vik is dramatically disturbed.","Guðrún Ýr Eyfjörð, Íris Tanja Flygenring, Ingvar Sigurdsson, Aliette Opheim","13,775"
StartUp,44,"Crime, Thriller",7.8,"A desperate banker, a Haitian-American gang lord and a Cuban-American hacker are forced to work together to unwittingly create their version of the American dream - organized crime 2.0.","Adam Brody, Edi Gathegi, Otmara Marrero, Kristen Ariza","29,045"
Capitani,312,"Crime, Drama, Mystery",6.6,"In a Luxembourg village where everyone is keeping secrets, gruff police inspector Luc Capitani investigates the suspicious death of a 15-year-old girl.","Luc Schiltz, Sophie Mousel, Brigitte Urhausen, Joe Dennenwald","5,386"
Mother/Android,110,"Drama, Sci-Fi, Thriller",4.9,"In a post-apocalyptic world rocked by a violent android uprising, a young pregnant woman and her boyfriend desperately search for safety.","Mattson Tomlin, | ,     Stars:, Chloë Grace Moretz, Algee Smith, Raúl Castillo, Linnea Gardner","18,609"
Aileen Wuornos: American Boogeywoman,85,"Drama, Horror, Thriller",3.7,"Based on Aileen Wuornoss early life, Americas most notorious female serial killer, back in 1976 a young Aileen arrives in Florida searching for a new life that will help her escape her ...                See full summary »","Daniel Farrands, | ,     Stars:, Peyton List, Tobin Bell, Lydia Hearst, Swen Temmel","1,667"
The Three-Body Problem,60,"Adventure, Drama, Fantasy",,Humanitys first contact with an alien civilization.,"John Bradley, Eiza González, Benedict Wong, Liam Cunningham",
Mercury Rising,111,"Action, Crime, Drama",6.1,Shadowy elements in the NSA target a nine-year old autistic savant for death when he is able to decipher a top secret code.,"Harold Becker, | ,     Stars:, Bruce Willis, Miko Hughes, Alec Baldwin, Chi McBride","74,419"
Murderville,33,"Comedy, Crime, Mystery",6.8,Eccentric detective Terry Seattle teams up with clueless celebrity guest stars to investigate a series of murders in this improvisational crime comedy.,"Will Arnett, Haneefah Wood, Lilan Bowden, Philip Smithey","12,015"
The Highwaymen,132,"Biography, Crime, Drama",6.9,The untold true story of the legendary detectives who brought down Bonnie and Clyde.,"John Lee Hancock, | ,     Stars:, Kevin Costner, Woody Harrelson, Kathy Bates, John Carroll Lynch","91,163"
Childs Play,90,"Drama, Horror, Sci-Fi",5.7,"A mother gives her 13-year-old son a toy doll for his birthday, unaware of its more sinister nature.","Lars Klevberg, | ,     Stars:, Tim Matheson, Ben Daon, Zahra Anderson, Serge Jaswal","51,894"
Prey,87,"Adventure, Drama, Thriller",4.3,A hiking trip into the wild turns into a desperate bid for survival for five friends on the run from a mysterious shooter.,"Thomas Sieben, | ,     Stars:, David Kross, Hanno Koffler, Maria Ehrich, Robert Finster","7,747"
Miss Fishers Murder Mysteries,60,"Crime, Drama, History",8.2,"A female sleuth sashays through the back lanes and jazz clubs of Melbourne in the late 1920s, fighting injustice with her pearl-handled pistol and her dagger-sharp wit.","Essie Davis, Nathan Page, Hugo Johnstone-Burt, Ashleigh Cummings","16,127"
Roman Empire,48,"Documentary, Biography, Drama",7,Chronicles some of the most famous leaders of the Roman Civilization.,"Aaron Irvin, Corey Brennan, Jerry Toner, Steve West","7,899"
Child 44,137,"Crime, Drama, History",6.4,A disgraced member of the Russian military police investigates a series of child murders during the Stalin-era Soviet Union.,"Daniel Espinosa, | ,     Stars:, Tom Hardy, Gary Oldman, Noomi Rapace, Joel Kinnaman","71,468"
The Rain,45,"Drama, Sci-Fi, Thriller",6.3,"After a brutal virus wipes out most of the population, two young siblings embark on a perilous search for safety.","Alba August, Lucas Lynggaard Tønnesen, Mikkel Boe Følsgaard, Lukas Løkken","36,959"
Fatherhood,109,"Comedy, Drama",6.6,A father brings up his baby girl as a single dad after the unexpected death of his wife who died a day after their daughters birth.,"Paul Weitz, | ,     Stars:, Kevin Hart, Alfre Woodard, Lil Rel Howery, DeWanda Wise","37,606"
The Staircase,629,"Documentary, Crime, Drama",7.8,The high-profile murder trial of American novelist Michael Peterson following the death of his wife in 2001.,"Michael Peterson, David Rudolf, Ron Guerette, Martha Ratliff","24,588"
86,24,"Animation, Action, Drama",8.2,"The Republic of San Magnolia is at war with its neighboring country, the Empire of Giad. Both sides use unmanned drones to conduct a war without casualties. The story follows Lena as she commands a squad of drones called the 86.","Maureen Price, Shoya Chiba, Ikumi Hasegawa, Saori Hayami","4,465"
Youre Nothing Special,35,"Comedy, Fantasy",5.6,"After moving from Barcelona to her moms boring town, Amaia discovers she may have inherited powers from her grandmother, rumored to have been a witch.","Oskar de la Fuente, Andrew Grace, Dèlia Brufau, Elia Galera",209
RuPauls Secret Celebrity Drag Race,63,"Game-Show, Reality-TV",6.8,"Three celebrities compete every episode and undergo complete drag transformations. In the end, one celebrity is crowned Americas Next Celeb Drag Superstar and wins prize money for their charity of choice.","RuPaul, Michelle Visage, Carson Kressley, Jamal Sims","1,675"
From Dusk Till Dawn: The Series,45,"Action, Crime, Fantasy",6.8,A Texas Ranger is in hot pursuit of the infamous Gecko brothers and their hostages. They all end up trapped in a desert bar secretly run by vampires and discover a vampire conspiracy.,"D.J. Cotrona, Zane Holtz, Jesse Garcia, Eiza González","20,612"
Toy Boy,,"Action, Adventure, Crime",6.5,A stripper sets out to prove his innocence for a crime he didnt commit and was unjustly incarcerated for seven years earlier.,"Jesús Mosquera, Cristina Castaño, María Pedraza, José de la Torre","7,671"
Hold Tight,284,"Crime, Drama, Mystery",6.1,"When a young man goes missing soon after his friend dies, life in a tight-knit, affluent Warsaw suburb slowly unravels, exposing secrets and lies.","Magdalena Boczarska, Leszek Lichota, Grzegorz Damiecki, Bill Rogers","2,662"
Fairy Tail,24,"Animation, Action, Adventure",7.9,"Lucy, an aspiring Celestial Wizard, becomes a friend and ally to powerful wizards Natsu, Gray, and Erza, who are part of the (in)famous wizard guild, Fairy Tail.","Cherami Leigh, Todd Haberkorn, Tia Lynn Ballard, Tetsuya Kakihara","24,692"
Fidelity,40,"Drama, Romance",6.4,"A seemingly happy marriage begins to dissolve when the husbands faithfulness is called into question, and both spouses become tempted by other desires.","Lucrezia Guidone, Michele Riondino, Carolina Sala, Leonardo Pazzagli","1,700"
13: The Musical,91,"Comedy, Drama, Family",5.2,"After his parents divorce, Evan Goldman moves from NYC to small-town Indiana. As his 13th birthday nears, he must master the complex social circles of his new school and win friends by turning his Bar Mitzvah into the coolest party ever.","Tamra Davis, | ,     Stars:, Eli Golden, Josh Peck, Debra Messing, Peter Hermann",595
Untold: The Race of the Century,83,"Documentary, Sport",7.3,"The Australia II yacht crew looks back on the motivation, dedication and innovation that led to their historic victory at the 1983 Americas Cup.","Chapman Way, Maclain Way",459